"School","Conference","Division"
"Abilene Christian University","Southland Conference","II"
"Academy of Art University","Pacific West Conference","II"
"Adams State University","Rocky Mountain Athletic Conference","II"
"Adelphi University","Northeast-10 Conference","II"
"Adrian College","Michigan Intercol. Ath. Assn.","III"
"Agnes Scott College","USA South Athletic Conference","III"
"Alabama A&M University","Southwestern Athletic Conf.","I-FCS"
"Alabama State University","Southwestern Athletic Conf.","I-FCS"
"Albany State University (Georgia)","Southern Intercol. Ath. Conf.","II"
"Albertus Magnus College","Great Northeast Athletic Conference","III"
"Albion College","Michigan Intercol. Ath. Assn.","III"
"Albright College","Middle Atlantic Conferences","III"
"Alcorn State University","Southwestern Athletic Conf.","I-FCS"
"Alderson Broaddus University","Great Midwest Athletic Conference","II"
"Alfred State College","Eastern College Athletic Conference","III"
"Alfred University","Empire 8","III"
"Allegheny College","North Coast Athletic Conference","III"
"Alma College","Michigan Intercol. Ath. Assn.","III"
"Alvernia University","Middle Atlantic Conferences","III"
"Alverno College","Northern Athletics Collegiate Conference","III"
"American International College","Northeast-10 Conference","II"
"American University","Patriot League","I"
"Amherst College","New England Small College Athletic Conference","III"
"Anderson University (Indiana)","Heartland Collegiate Athletic Conference","III"
"Anderson University (South Carolina)","South Atlantic Conference","II"
"Angelo State University","Lone Star Conference","II"
"Anna Maria College","Great Northeast Athletic Conference","III"
"Appalachian State University","Sun Belt Conference","I-FBS"
"Arcadia University","Middle Atlantic Conferences","III"
"Arizona State University","Pac-12 Conference","I-FBS"
"Arkansas State University","Sun Belt Conference","I-FBS"
"Arkansas Tech University","Great American Conference","II"
"Armstrong State University","Peach Belt Conference","II"
"Ashland University","Great Lakes Intercollegiate Athletic Conference","II"
"Assumption College","Northeast-10 Conference","II"
"Auburn University","Southeastern Conference","I-FBS"
"Auburn University at Montgomery","Independent","II"
"Augsburg College","Minnesota Intercollegiate Athletic Conference","III"
"Augusta University","Peach Belt Conference","II"
"Augustana College (Illinois)","College Conference of Illinois & Wisconsin","III"
"Augustana University (South Dakota)","Northern Sun Intercollegiate Conference","II"
"Aurora University","Northern Athletics Collegiate Conference","III"
"Austin College","Southern Collegiate Athletic Conference","III"
"Austin Peay State University","Ohio Valley Conference","I-FCS"
"Averett University","USA South Athletic Conference","III"
"Azusa Pacific University","Pacific West Conference","II"
"Babson College","New England Women's and Men's Athletic Conference","III"
"Baldwin Wallace University","Ohio Athletic Conference","III"
"Ball State University","Mid-American Conference","I-FBS"
"Bard College","Liberty League","III"
"Barry University","Sunshine State Conference","II"
"Barton College","Conference Carolinas","II"
"Baruch College","City University of New York Athletic Conference","III"
"Bates College","New England Small College Athletic Conference","III"
"Bay Path University","New England Collegiate Conference","III"
"Baylor University","Big 12 Conference","I-FBS"
"Becker College","New England Collegiate Conference","III"
"Belhaven University","American Southwest Conference","III"
"Bellarmine University","Great Lakes Valley Conference","II"
"Belmont Abbey College","Conference Carolinas","II"
"Belmont University","Ohio Valley Conference","I"
"Beloit College","Midwest Conference","III"
"Bemidji State University","Northern Sun Intercollegiate Conference","II"
"Benedict College","Southern Intercol. Ath. Conf.","II"
"Benedictine University (Illinois)","Northern Athletics Collegiate Conference","III"
"Bentley University","Northeast-10 Conference","II"
"Berea College","Independent","III"
"Berry College","Southern Athletic Association","III"
"Bethany College (West Virginia)","Presidents' Athletic Conference","III"
"Bethany Lutheran College","Upper Midwest Athletic Conference","III"
"Bethel University (Minnesota)","Minnesota Intercollegiate Athletic Conference","III"
"Bethune-Cookman University","Mid-Eastern Athletic Conf.","I-FCS"
"Binghamton University","America East Conference","I"
"Biola University","Pacific West Conference","II"
"Birmingham-Southern College","Southern Athletic Association","III"
"Black Hills State University","Rocky Mountain Athletic Conference","II"
"Blackburn College","St. Louis Intercollegiate Athletic Conference","III"
"Bloomfield College","Central Atlantic Collegiate Conference","II"
"Bloomsburg University of Pennsylvania","Pennsylvania State Athletic Conference","II"
"Bluefield State College","Independent","II"
"Bluffton University","Heartland Collegiate Athletic Conference","III"
"Boise State University","Mountain West Conference","I-FBS"
"Boston College","Atlantic Coast Conference","I-FBS"
"Boston University","Patriot League","I"
"Bowdoin College","New England Small College Athletic Conference","III"
"Bowie State University","Central Intercollegiate Athletic Association","II"
"Bowling Green State University","Mid-American Conference","I-FBS"
"Bradley University","Missouri Valley Conference","I"
"Brandeis University","University Athletic Association","III"
"Brevard College","South Atlantic Conference","II"
"Bridgewater College (Virginia)","Old Dominion Athletic Conf.","III"
"Bridgewater State University","Massachusetts State Collegiate Athletic Conference","III"
"Brigham Young University","West Coast Conference","I-FBS"
"Brigham Young University, Hawaii","Pacific West Conference","II"
"Brooklyn College","City University of New York Athletic Conference","III"
"Brown University","The Ivy League","I-FCS"
"Bryant University","Northeast Conference","I-FCS"
"Bryn Athyn College","North Eastern Athletic Conference","III"
"Bryn Mawr College","Centennial Conference","III"
"Bucknell University","Patriot League","I-FCS"
"Buena Vista University","Iowa Intercol. Athletic Conf.","III"
"Buffalo State, State University of New York","State University of New York Athletic Conference","III"
"Butler University","Big East Conference","I-FCS"
"Cabrini University","Colonial States Athletic Conference","III"
"Cairn University","Colonial States Athletic Conference","III"
"Caldwell University","Central Atlantic Collegiate Conference","II"
"California Baptist University","Pacific West Conference","II"
"California Institute of Technology","Southern California Intercollegiate Athletic Conf.","III"
"California Lutheran University","Southern California Intercollegiate Athletic Conf.","III"
"California Polytechnic State University","Big West Conference","I-FCS"
"California State Polytechnic University, Pomona","California Collegiate Athletic Association","II"
"California State University,  Monterey Bay","California Collegiate Athletic Association","II"
"California State University, Bakersfield","Western Athletic Conference","I"
"California State University, Chico","California Collegiate Athletic Association","II"
"California State University, Dominguez Hills","California Collegiate Athletic Association","II"
"California State University, East Bay","California Collegiate Athletic Association","II"
"California State University, Fresno","Mountain West Conference","I-FBS"
"California State University, Fullerton","Big West Conference","I"
"California State University, Los Angeles","California Collegiate Athletic Association","II"
"California State University, Northridge","Big West Conference","I"
"California State University, Sacramento","Big Sky Conference","I-FCS"
"California State University, San Bernardino","California Collegiate Athletic Association","II"
"California State University, San Marcos","California Collegiate Athletic Association","II"
"California State University, Stanislaus","California Collegiate Athletic Association","II"
"California University of Pennsylvania","Pennsylvania State Athletic Conference","II"
"Calvin College","Michigan Intercol. Ath. Assn.","III"
"Cameron University","Lone Star Conference","II"
"Campbell University","Big South Conference","I-FCS"
"Canisius College","Metro Atlantic Athletic Conference","I"
"Capital University","Ohio Athletic Conference","III"
"Carleton College","Minnesota Intercollegiate Athletic Conference","III"
"Carnegie Mellon University","University Athletic Association","III"
"Carroll University (Wisconsin)","College Conference of Illinois & Wisconsin","III"
"Carson-Newman University","South Atlantic Conference","II"
"Carthage College","College Conference of Illinois & Wisconsin","III"
"Case Western Reserve University","University Athletic Association","III"
"Castleton University","North Atlantic Conference","III"
"Catawba College","South Atlantic Conference","II"
"Catholic University","Landmark Conference","III"
"Cazenovia College","North Eastern Athletic Conference","III"
"Cedar Crest College","Colonial States Athletic Conference","III"
"Cedarville University","Great Midwest Athletic Conference","II"
"Centenary College (Louisiana)","Southern Collegiate Athletic Conference","III"
"Centenary University (New Jersey)","Colonial States Athletic Conference","III"
"Central College (Iowa)","Iowa Intercol. Athletic Conf.","III"
"Central Connecticut State University","Northeast Conference","I-FCS"
"Central Michigan University","Mid-American Conference","I-FBS"
"Central State University","Southern Intercol. Ath. Conf.","II"
"Central Washington University","Great Northwest Athletic Conference","II"
"Centre College","Southern Athletic Association","III"
"Chadron State College","Rocky Mountain Athletic Conference","II"
"Chaminade University","Pacific West Conference","II"
"Chapman University","Southern California Intercollegiate Athletic Conf.","III"
"Charleston Southern University","Big South Conference","I-FCS"
"Chatham University","Presidents' Athletic Conference","III"
"Chestnut Hill College","Central Atlantic Collegiate Conference","II"
"Cheyney University of Pennsylvania","Pennsylvania State Athletic Conference","II"
"Chicago State University","Western Athletic Conference","I"
"Chowan University","Central Intercollegiate Athletic Association","II"
"Christian Brothers University","Gulf South Conference","II"
"Christopher Newport University","Capital Athletic Conference Inc.","III"
"Claflin University","Southern Intercol. Ath. Conf.","II"
"Claremont McKenna-Harvey Mudd-Scripps Colleges","Southern California Intercollegiate Athletic Conf.","III"
"Clarion University of Pennsylvania","Pennsylvania State Athletic Conference","II"
"Clark Atlanta University","Southern Intercol. Ath. Conf.","II"
"Clark University (Massachusetts)","New England Women's and Men's Athletic Conference","III"
"Clarks Summit University","Colonial States Athletic Conference","III"
"Clarkson University","Liberty League","III"
"Clayton State University","Peach Belt Conference","II"
"Clemson University","Atlantic Coast Conference","I-FBS"
"Cleveland State University","Horizon League","I"
"Coastal Carolina University","Sun Belt Conference","I-FCS"
"Coe College","Iowa Intercol. Athletic Conf.","III"
"Coker College","South Atlantic Conference","II"
"Colby College","New England Small College Athletic Conference","III"
"Colby-Sawyer College","North Atlantic Conference","III"
"Colgate University","Patriot League","I-FCS"
"College at Brockport, State University of New York","State University of New York Athletic Conference","III"
"College of Charleston (South Carolina)","Colonial Athletic Association","I"
"College of Mount St. Vincent","Skyline Conference","III"
"College of New Rochelle","Independent","III"
"College of Saint Benedict","Minnesota Intercollegiate Athletic Conference","III"
"College of Saint Elizabeth","North Eastern Athletic Conference","III"
"College of Staten Island","City University of New York Athletic Conference","III"
"College of the Holy Cross","Patriot League","I-FCS"
"College of William and Mary","Colonial Athletic Association","I-FCS"
"Colorado Christian University","Rocky Mountain Athletic Conference","II"
"Colorado College","Southern Collegiate Athletic Conference","III"
"Colorado Mesa University","Rocky Mountain Athletic Conference","II"
"Colorado School of Mines","Rocky Mountain Athletic Conference","II"
"Colorado State University","Mountain West Conference","I-FBS"
"Colorado State University-Pueblo","Rocky Mountain Athletic Conference","II"
"Columbia University-Barnard College","The Ivy League","I-FCS"
"Columbus State University","Peach Belt Conference","II"
"Concord University","Mountain East Conference","II"
"Concordia College (New York)","Central Atlantic Collegiate Conference","II"
"Concordia College, Moorhead","Minnesota Intercollegiate Athletic Conference","III"
"Concordia University Chicago","Northern Athletics Collegiate Conference","III"
"Concordia University Irvine","Pacific West Conference","II"
"Concordia University Portland","Great Northwest Athletic Conference","II"
"Concordia University Texas","American Southwest Conference","III"
"Concordia University Wisconsin","Northern Athletics Collegiate Conference","III"
"Concordia University, St. Paul","Northern Sun Intercollegiate Conference","II"
"Connecticut College","New England Small College Athletic Conference","III"
"Converse College","Conference Carolinas","II"
"Coppin State University","Mid-Eastern Athletic Conf.","I"
"Cornell College","Midwest Conference","III"
"Cornell University","The Ivy League","I-FCS"
"Covenant College","USA South Athletic Conference","III"
"Creighton University","Big East Conference","I"
"Crown College (Minnesota)","Upper Midwest Athletic Conference","III"
"Curry College","Commonwealth Coast Conference","III"
"D'Youville College","Allegheny Mountain Collegiate Conference","III"
"Daemen College","East Coast Conference","II"
"Dallas Baptist University","Heartland Conference","II"
"Daniel Webster College","New England Collegiate Conference","III"
"Dartmouth College","The Ivy League","I-FCS"
"Davenport University","Great Lakes Intercollegiate Athletic Conference","II"
"Davidson College","Atlantic 10 Conference","I-FCS"
"Davis & Elkins College","Great Midwest Athletic Conference","II"
"Defiance College","Heartland Collegiate Athletic Conference","III"
"Delaware State University","Mid-Eastern Athletic Conf.","I-FCS"
"Delaware Valley University","Middle Atlantic Conferences","III"
"Delta State University","Gulf South Conference","II"
"Denison University","North Coast Athletic Conference","III"
"DePaul University","Big East Conference","I"
"DePauw University","North Coast Athletic Conference","III"
"DeSales University","Middle Atlantic Conferences","III"
"Dickinson College","Centennial Conference","III"
"Dixie State University","Pacific West Conference","II"
"Dominican College (New York)","Central Atlantic Collegiate Conference","II"
"Dominican University (Illinois)","Northern Athletics Collegiate Conference","III"
"Dominican University of California","Pacific West Conference","II"
"Drake University","Missouri Valley Conference","I-FCS"
"Drew University","Landmark Conference","III"
"Drexel University","Colonial Athletic Association","I"
"Drury University","Great Lakes Valley Conference","II"
"Duke University","Atlantic Coast Conference","I-FBS"
"Duquesne University","Atlantic 10 Conference","I-FCS"
"Earlham College","Heartland Collegiate Athletic Conference","III"
"East Carolina University","American Athletic Conference","I-FBS"
"East Central University","Great American Conference","II"
"East Stroudsburg University of Pennsylvania","Pennsylvania State Athletic Conference","II"
"East Tennessee State University","Southern Conference","I-FCS"
"East Texas Baptist University","American Southwest Conference","III"
"Eastern Connecticut State University","Little East Conference","III"
"Eastern Illinois University","Ohio Valley Conference","I-FCS"
"Eastern Kentucky University","Ohio Valley Conference","I-FCS"
"Eastern Mennonite University","Old Dominion Athletic Conf.","III"
"Eastern Michigan University","Mid-American Conference","I-FBS"
"Eastern Nazarene College","Commonwealth Coast Conference","III"
"Eastern New Mexico University","Lone Star Conference","II"
"Eastern University","Middle Atlantic Conferences","III"
"Eastern Washington University","Big Sky Conference","I-FCS"
"Eckerd College","Sunshine State Conference","II"
"Edgewood College","Northern Athletics Collegiate Conference","III"
"Edinboro University of Pennsylvania","Pennsylvania State Athletic Conference","II"
"Elizabeth City State University","Central Intercollegiate Athletic Association","II"
"Elizabethtown College","Landmark Conference","III"
"Elmhurst College","College Conference of Illinois & Wisconsin","III"
"Elmira College","Empire 8","III"
"Elms College","New England Collegiate Conference","III"
"Elon University","Colonial Athletic Association","I-FCS"
"Embry-Riddle Aeronautical University (Florida)","Sunshine State Conference","II"
"Emerson College","New England Women's and Men's Athletic Conference","III"
"Emmanuel College (Georgia)","Conference Carolinas","II"
"Emmanuel College (Massachusetts)","Great Northeast Athletic Conference","III"
"Emory and Henry College","Old Dominion Athletic Conf.","III"
"Emory University","University Athletic Association","III"
"Emporia State University","Mid-America Intercollegiate Athletics Association","II"
"Endicott College","Commonwealth Coast Conference","III"
"Erskine College","Conference Carolinas","II"
"Eureka College","St. Louis Intercollegiate Athletic Conference","III"
"Fairfield University","Metro Atlantic Athletic Conference","I"
"Fairleigh Dickinson University, Florham","Middle Atlantic Conferences","III"
"Fairleigh Dickinson University, Metropolitan Campus","Northeast Conference","I"
"Fairmont State University","Mountain East Conference","II"
"Farmingdale State College","Skyline Conference","III"
"Fayetteville State University","Central Intercollegiate Athletic Association","II"
"Felician University","Central Atlantic Collegiate Conference","II"
"Ferris State University","Great Lakes Intercollegiate Athletic Conference","II"
"Ferrum College","USA South Athletic Conference","III"
"Finlandia University","Independent","III"
"Fitchburg State University","Massachusetts State Collegiate Athletic Conference","III"
"Flagler College","Peach Belt Conference","II"
"Florida A&M University","Mid-Eastern Athletic Conf.","I-FCS"
"Florida Atlantic University","Conference USA","I-FBS"
"Florida Gulf Coast University","ASUN Conference","I"
"Florida Institute of Technology","Sunshine State Conference","II"
"Florida International University","Conference USA","I-FBS"
"Florida Southern College","Sunshine State Conference","II"
"Florida State University","Atlantic Coast Conference","I-FBS"
"Fontbonne University","St. Louis Intercollegiate Athletic Conference","III"
"Fordham University","Atlantic 10 Conference","I-FCS"
"Fort Hays State University","Mid-America Intercollegiate Athletics Association","II"
"Fort Lewis College","Rocky Mountain Athletic Conference","II"
"Fort Valley State University","Southern Intercol. Ath. Conf.","II"
"Framingham State University","Massachusetts State Collegiate Athletic Conference","III"
"Francis Marion University","Peach Belt Conference","II"
"Franciscan University of Steubenville","Allegheny Mountain Collegiate Conference","III"
"Franklin & Marshall College","Centennial Conference","III"
"Franklin College","Heartland Collegiate Athletic Conference","III"
"Franklin Pierce University","Northeast-10 Conference","II"
"Fresno Pacific University","Pacific West Conference","II"
"Frostburg State University","Capital Athletic Conference Inc.","III"
"Furman University","Southern Conference","I-FCS"
"Gallaudet University","North Eastern Athletic Conference","III"
"Gannon University","Pennsylvania State Athletic Conference","II"
"Gardner-Webb University","Big South Conference","I-FCS"
"Geneva College","Presidents' Athletic Conference","III"
"George Fox University","Northwest Conference","III"
"George Mason University","Atlantic 10 Conference","I"
"George Washington University","Atlantic 10 Conference","I"
"Georgetown University","Big East Conference","I-FCS"
"Georgia College","Peach Belt Conference","II"
"Georgia Institute of Technology","Atlantic Coast Conference","I-FBS"
"Georgia Southern University","Sun Belt Conference","I-FBS"
"Georgia Southwestern State University","Peach Belt Conference","II"
"Georgia State University","Sun Belt Conference","I-FBS"
"Georgian Court University","Central Atlantic Collegiate Conference","II"
"Gettysburg College","Centennial Conference","III"
"Glenville State College","Mountain East Conference","II"
"Goldey-Beacom College","Central Atlantic Collegiate Conference","II"
"Gonzaga University","West Coast Conference","I"
"Gordon College","Commonwealth Coast Conference","III"
"Goucher College","Landmark Conference","III"
"Grambling State University","Southwestern Athletic Conf.","I-FCS"
"Grand Canyon University","Western Athletic Conference","II"
"Grand Valley State University","Great Lakes Intercollegiate Athletic Conference","II"
"Green Mountain College","North Atlantic Conference","III"
"Greensboro College","USA South Athletic Conference","III"
"Greenville College","St. Louis Intercollegiate Athletic Conference","III"
"Grinnell College","Midwest Conference","III"
"Grove City College","Presidents' Athletic Conference","III"
"Guilford College","Old Dominion Athletic Conf.","III"
"Gustavus Adolphus College","Minnesota Intercollegiate Athletic Conference","III"
"Gwynedd Mercy University","Colonial States Athletic Conference","III"
"Hamilton College","New England Small College Athletic Conference","III"
"Hamline University","Minnesota Intercollegiate Athletic Conference","III"
"Hampden-Sydney College","Old Dominion Athletic Conf.","III"
"Hampton University","Mid-Eastern Athletic Conf.","I-FCS"
"Hanover College","Heartland Collegiate Athletic Conference","III"
"Hardin-Simmons University","American Southwest Conference","III"
"Harding University","Great American Conference","II"
"Hartwick College","Empire 8","III"
"Harvard University","The Ivy League","I-FCS"
"Haverford College","Centennial Conference","III"
"Hawaii Pacific University","Pacific West Conference","II"
"Heidelberg University","Ohio Athletic Conference","III"
"Henderson State University","Great American Conference","II"
"Hendrix College","Southern Athletic Association","III"
"High Point University","Big South Conference","I"
"Hilbert College","Allegheny Mountain Collegiate Conference","III"
"Hillsdale College","Great Lakes Intercollegiate Athletic Conference","II"
"Hiram College","North Coast Athletic Conference","III"
"Hobart and William Smith Colleges","Liberty League","III"
"Hofstra University","Colonial Athletic Association","I"
"Hollins University","Old Dominion Athletic Conf.","III"
"Holy Family University","Central Atlantic Collegiate Conference","II"
"Holy Names University","Pacific West Conference","II"
"Hood College","Middle Atlantic Conferences","III"
"Hope College","Michigan Intercol. Ath. Assn.","III"
"Houghton College","Empire 8","III"
"Houston Baptist University","Southland Conference","I-FCS"
"Howard Payne University","American Southwest Conference","III"
"Howard University","Mid-Eastern Athletic Conf.","I-FCS"
"Humboldt State University","California Collegiate Athletic Association","II"
"Hunter College","City University of New York Athletic Conference","III"
"Huntingdon College","USA South Athletic Conference","III"
"Husson University","North Atlantic Conference","III"
"Idaho State University","Big Sky Conference","I-FCS"
"Illinois College","Midwest Conference","III"
"Illinois Institute of Technology","Independent","III"
"Illinois State University","Missouri Valley Conference","I-FCS"
"Illinois Wesleyan University","College Conference of Illinois & Wisconsin","III"
"Immaculata University","Colonial States Athletic Conference","III"
"Indiana State University","Missouri Valley Conference","I-FCS"
"Indiana University of Pennsylvania","Pennsylvania State Athletic Conference","II"
"Indiana University-Purdue University Indianapolis","The Summit League","I"
"Indiana University-Purdue University, Fort Wayne","The Summit League","I"
"Indiana University, Bloomington","Big Ten Conference","I-FBS"
"Iona College","Metro Atlantic Athletic Conference","I"
"Iowa State University","Big 12 Conference","I-FBS"
"Iowa Wesleyan University","St. Louis Intercollegiate Athletic Conference","III"
"Ithaca College","Empire 8","III"
"Jackson State University","Southwestern Athletic Conf.","I-FCS"
"Jacksonville State University","Ohio Valley Conference","I-FCS"
"Jacksonville University","ASUN Conference","I-FCS"
"James Madison University","Colonial Athletic Association","I-FCS"
"John Carroll University","Ohio Athletic Conference","III"
"John Jay College of Criminal Justice","City University of New York Athletic Conference","III"
"Johns Hopkins University","Centennial Conference","III"
"Johnson & Wales University (RI)","Great Northeast Athletic Conference","III"
"Johnson C. Smith University","Central Intercollegiate Athletic Association","II"
"Johnson State College","North Atlantic Conference","III"
"Juniata College","Landmark Conference","III"
"Kalamazoo College","Michigan Intercol. Ath. Assn.","III"
"Kansas State University","Big 12 Conference","I-FBS"
"Kean University","New Jersey Athletic Conference","III"
"Keene State College","Little East Conference","III"
"Kennesaw State University","ASUN Conference","I-FCS"
"Kent State University","Mid-American Conference","I-FBS"
"Kentucky State University","Southern Intercol. Ath. Conf.","II"
"Kentucky Wesleyan College","Great Midwest Athletic Conference","II"
"Kenyon College","North Coast Athletic Conference","III"
"Keuka College","North Eastern Athletic Conference","III"
"Keystone College","Colonial States Athletic Conference","III"
"King University","Conference Carolinas","II"
"King's College (Pennsylvania)","Middle Atlantic Conferences","III"
"Knox College","Midwest Conference","III"
"Kutztown University of Pennsylvania","Pennsylvania State Athletic Conference","II"
"La Roche College","Allegheny Mountain Collegiate Conference","III"
"La Salle University","Atlantic 10 Conference","I"
"Lafayette College","Patriot League","I-FCS"
"LaGrange College","USA South Athletic Conference","III"
"Lake Erie College","Great Lakes Intercollegiate Athletic Conference","II"
"Lake Forest College","Midwest Conference","III"
"Lake Superior State University","Great Lakes Intercollegiate Athletic Conference","II"
"Lakeland University","Northern Athletics Collegiate Conference","III"
"Lamar University","Southland Conference","I-FCS"
"Lancaster Bible College","North Eastern Athletic Conference","III"
"Lander University","Peach Belt Conference","II"
"Lane College","Southern Intercol. Ath. Conf.","II"
"Lasell College","Great Northeast Athletic Conference","III"
"Lawrence University","Midwest Conference","III"
"Le Moyne College","Northeast-10 Conference","II"
"Lebanon Valley College","Middle Atlantic Conferences","III"
"Lee University","Gulf South Conference","II"
"Lees-McRae College","Conference Carolinas","II"
"Lehigh University","Patriot League","I-FCS"
"Lehman College","City University of New York Athletic Conference","III"
"LeMoyne-Owen College","Southern Intercol. Ath. Conf.","II"
"Lenoir-Rhyne University","South Atlantic Conference","II"
"Lesley University","New England Collegiate Conference","III"
"LeTourneau University","American Southwest Conference","III"
"Lewis & Clark College","Northwest Conference","III"
"Lewis University","Great Lakes Valley Conference","II"
"Liberty University","Big South Conference","I-FCS"
"Limestone College","Conference Carolinas","II"
"Lincoln Memorial University","South Atlantic Conference","II"
"Lincoln University (Missouri)","Mid-America Intercollegiate Athletics Association","II"
"Lindenwood University","Mid-America Intercollegiate Athletics Association","II"
"Linfield College","Northwest Conference","III"
"Lipscomb University","ASUN Conference","I"
"Livingstone College","Central Intercollegiate Athletic Association","II"
"Lock Haven University of Pennsylvania","Pennsylvania State Athletic Conference","II"
"Long Beach State University","Big West Conference","I"
"Long Island University-Brooklyn Campus","Northeast Conference","I"
"Long Island University/LIU Post","East Coast Conference","II"
"Longwood University","Big South Conference","I"
"Loras College","Iowa Intercol. Athletic Conf.","III"
"Louisiana College","American Southwest Conference","III"
"Louisiana State University","Southeastern Conference","I-FBS"
"Louisiana Tech University","Conference USA","I-FBS"
"Loyola Marymount University","West Coast Conference","I"
"Loyola University Chicago","Missouri Valley Conference","I"
"Loyola University Maryland","Patriot League","I"
"Lubbock Christian University","Heartland Conference","II"
"Luther College","Iowa Intercol. Athletic Conf.","III"
"Lycoming College","Middle Atlantic Conferences","III"
"Lynchburg College","Old Dominion Athletic Conf.","III"
"Lyndon State College","North Atlantic Conference","III"
"Lynn University","Sunshine State Conference","II"
"Macalester College","Minnesota Intercollegiate Athletic Conference","III"
"MacMurray College","St. Louis Intercollegiate Athletic Conference","III"
"Maine Maritime Academy","North Atlantic Conference","III"
"Malone University","Great Midwest Athletic Conference","II"
"Manchester University","Heartland Collegiate Athletic Conference","III"
"Manhattan College","Metro Atlantic Athletic Conference","I"
"Manhattanville College","Middle Atlantic Conferences","III"
"Mansfield University of Pennsylvania","Pennsylvania State Athletic Conference","II"
"Maranatha Baptist University","Independent","III"
"Marian University (Wisconsin)","Northern Athletics Collegiate Conference","III"
"Marietta College","Ohio Athletic Conference","III"
"Marist College","Metro Atlantic Athletic Conference","I-FCS"
"Marquette University","Big East Conference","I"
"Mars Hill University","South Atlantic Conference","II"
"Marshall University","Conference USA","I-FBS"
"Martin Luther College","Upper Midwest Athletic Conference","III"
"Mary Baldwin University","USA South Athletic Conference","III"
"Marymount University (Virginia)","Capital Athletic Conference Inc.","III"
"Maryville College (Tennessee)","USA South Athletic Conference","III"
"Maryville University of Saint Louis","Great Lakes Valley Conference","II"
"Marywood University","Colonial States Athletic Conference","III"
"Massachusetts College of Liberal Arts","Massachusetts State Collegiate Athletic Conference","III"
"Massachusetts Institute of Technology","New England Women's and Men's Athletic Conference","III"
"Massachusetts Maritime Academy","Massachusetts State Collegiate Athletic Conference","III"
"McDaniel College","Centennial Conference","III"
"McKendree University","Great Lakes Valley Conference","II"
"McMurry University","American Southwest Conference","III"
"McNeese State University","Southland Conference","I-FCS"
"Medaille College","Allegheny Mountain Collegiate Conference","III"
"Medgar Evers College","City University of New York Athletic Conference","III"
"Mercer University","Southern Conference","I-FCS"
"Mercy College","East Coast Conference","II"
"Mercyhurst University","Pennsylvania State Athletic Conference","II"
"Meredith College","USA South Athletic Conference","III"
"Merrimack College","Northeast-10 Conference","II"
"Messiah College","Middle Atlantic Conferences","III"
"Methodist University","USA South Athletic Conference","III"
"Metropolitan State University of Denver","Rocky Mountain Athletic Conference","II"
"Miami University (Ohio)","Mid-American Conference","I-FBS"
"Michigan State University","Big Ten Conference","I-FBS"
"Michigan Technological University","Great Lakes Intercollegiate Athletic Conference","II"
"Middle Tennessee State University","Conference USA","I-FBS"
"Middlebury College","New England Small College Athletic Conference","III"
"Midwestern State University","Lone Star Conference","II"
"Miles College","Southern Intercol. Ath. Conf.","II"
"Millersville University of Pennsylvania","Pennsylvania State Athletic Conference","II"
"Millikin University","College Conference of Illinois & Wisconsin","III"
"Mills College","Independent","III"
"Millsaps College","Southern Athletic Association","III"
"Milwaukee School of Engineering","Northern Athletics Collegiate Conference","III"
"Minnesota State University Moorhead","Northern Sun Intercollegiate Conference","II"
"Minnesota State University, Mankato","Northern Sun Intercollegiate Conference","II"
"Minot State University","Northern Sun Intercollegiate Conference","II"
"Misericordia University","Middle Atlantic Conferences","III"
"Mississippi College","Gulf South Conference","II"
"Mississippi State University","Southeastern Conference","I-FBS"
"Mississippi Valley State University","Southwestern Athletic Conf.","I-FCS"
"Missouri Southern State University","Mid-America Intercollegiate Athletics Association","II"
"Missouri State University","Missouri Valley Conference","I-FCS"
"Missouri University of Science and Technology","Great Lakes Valley Conference","II"
"Missouri Western State University","Mid-America Intercollegiate Athletics Association","II"
"Mitchell College","New England Collegiate Conference","III"
"Molloy College","East Coast Conference","II"
"Monmouth College (Illinois)","Midwest Conference","III"
"Monmouth University","Metro Atlantic Athletic Conference","I-FCS"
"Montana State University Billings","Great Northwest Athletic Conference","II"
"Montana State University-Bozeman","Big Sky Conference","I-FCS"
"Montclair State University","New Jersey Athletic Conference","III"
"Moravian College","Landmark Conference","III"
"Morehead State University","Ohio Valley Conference","I-FCS"
"Morehouse College","Southern Intercol. Ath. Conf.","II"
"Morgan State University","Mid-Eastern Athletic Conf.","I-FCS"
"Morrisville State College","North Eastern Athletic Conference","III"
"Mount Aloysius College","Allegheny Mountain Collegiate Conference","III"
"Mount Holyoke College","New England Women's and Men's Athletic Conference","III"
"Mount Ida College","Great Northeast Athletic Conference","III"
"Mount Mary University","Independent","III"
"Mount Saint Mary College (New York)","Skyline Conference","III"
"Mount St. Joseph University","Heartland Collegiate Athletic Conference","III"
"Mount St. Mary's University","Northeast Conference","I"
"Muhlenberg College","Centennial Conference","III"
"Murray State University","Ohio Valley Conference","I-FCS"
"Muskingum University","Ohio Athletic Conference","III"
"Nazareth College","Empire 8","III"
"Nebraska Wesleyan University","Iowa Intercol. Athletic Conf.","III"
"Neumann University","Colonial States Athletic Conference","III"
"New England College","North Atlantic Conference","III"
"New Jersey City University","New Jersey Athletic Conference","III"
"New Jersey Institute of Technology","ASUN Conference","I"
"New Mexico Highlands University","Rocky Mountain Athletic Conference","II"
"New Mexico State University","Western Athletic Conference","I-FBS"
"New York Institute of Technology","East Coast Conference","II"
"New York University","University Athletic Association","III"
"Newberry College","South Atlantic Conference","II"
"Newbury College","New England Collegiate Conference","III"
"Newman University","Heartland Conference","II"
"Niagara University","Metro Atlantic Athletic Conference","I"
"Nicholls State University","Southland Conference","I-FCS"
"Nichols College","Commonwealth Coast Conference","III"
"Norfolk State University","Mid-Eastern Athletic Conf.","I-FCS"
"North Carolina A&T State University","Mid-Eastern Athletic Conf.","I-FCS"
"North Carolina Central University","Mid-Eastern Athletic Conf.","I-FCS"
"North Carolina State University","Atlantic Coast Conference","I-FBS"
"North Carolina Wesleyan College","USA South Athletic Conference","III"
"North Central College","College Conference of Illinois & Wisconsin","III"
"North Central University","Upper Midwest Athletic Conference","III"
"North Dakota State University","The Summit League","I-FCS"
"North Greenville University","Conference Carolinas","II"
"North Park University","College Conference of Illinois & Wisconsin","III"
"Northeastern State University","Mid-America Intercollegiate Athletics Association","II"
"Northeastern University","Colonial Athletic Association","I"
"Northern Arizona University","Big Sky Conference","I-FCS"
"Northern Illinois University","Mid-American Conference","I-FBS"
"Northern Kentucky University","Horizon League","I"
"Northern Michigan University","Great Lakes Intercollegiate Athletic Conference","II"
"Northern State University","Northern Sun Intercollegiate Conference","II"
"Northland College","Upper Midwest Athletic Conference","III"
"Northwest Missouri State University","Mid-America Intercollegiate Athletics Association","II"
"Northwest Nazarene University","Great Northwest Athletic Conference","II"
"Northwestern Oklahoma State University","Great American Conference","II"
"Northwestern State University","Southland Conference","I-FCS"
"Northwestern University","Big Ten Conference","I-FBS"
"Northwood University","Great Lakes Intercollegiate Athletic Conference","II"
"Norwich University","Great Northeast Athletic Conference","III"
"Notre Dame College (Ohio)","Mountain East Conference","II"
"Notre Dame de Namur University","Pacific West Conference","II"
"Notre Dame of Maryland University","Colonial States Athletic Conference","III"
"Nova Southeastern University","Sunshine State Conference","II"
"Nyack College","Central Atlantic Collegiate Conference","II"
"Oakland City University","Independent","II"
"Oakland University","Horizon League","I"
"Oberlin College","North Coast Athletic Conference","III"
"Occidental College","Southern California Intercollegiate Athletic Conf.","III"
"Oglethorpe University","Southern Athletic Association","III"
"Ohio Dominican University","Great Lakes Intercollegiate Athletic Conference","II"
"Ohio Northern University","Ohio Athletic Conference","III"
"Ohio University","Mid-American Conference","I-FBS"
"Ohio Valley University","Great Midwest Athletic Conference","II"
"Ohio Wesleyan University","North Coast Athletic Conference","III"
"Oklahoma Baptist University","Great American Conference","II"
"Oklahoma Christian University","Heartland Conference","II"
"Oklahoma Panhandle State University","Heartland Conference","II"
"Oklahoma State University","Big 12 Conference","I-FBS"
"Old Dominion University","Conference USA","I-FBS"
"Olivet College","Michigan Intercol. Ath. Assn.","III"
"Oral Roberts University","The Summit League","I"
"Oregon State University","Pac-12 Conference","I-FBS"
"Otterbein University","Ohio Athletic Conference","III"
"Ouachita Baptist University","Great American Conference","II"
"Pace University","Northeast-10 Conference","II"
"Pacific Lutheran University","Northwest Conference","III"
"Pacific University (Oregon)","Northwest Conference","III"
"Paine College","Southern Intercol. Ath. Conf.","II"
"Palm Beach Atlantic University","Independent","II"
"Penn State Berks College","North Eastern Athletic Conference","III"
"Penn State Harrisburg","Capital Athletic Conference Inc.","III"
"Penn State University, Abington","North Eastern Athletic Conference","III"
"Penn State University, Altoona","Allegheny Mountain Collegiate Conference","III"
"Pennsylvania College of Technology","North Eastern Athletic Conference","III"
"Pennsylvania State Univ. Erie, the Behrend College","Allegheny Mountain Collegiate Conference","III"
"Pennsylvania State University","Big Ten Conference","I-FBS"
"Pepperdine University","West Coast Conference","I"
"Pfeiffer University","Conference Carolinas","II"
"Philadelphia University","Central Atlantic Collegiate Conference","II"
"Piedmont College","USA South Athletic Conference","III"
"Pine Manor College","Eastern College Athletic Conference","III"
"Pittsburg State University","Mid-America Intercollegiate Athletics Association","II"
"Plattsburgh State University of New York","State University of New York Athletic Conference","III"
"Plymouth State University","Little East Conference","III"
"Point Loma Nazarene University","Pacific West Conference","II"
"Pomona-Pitzer Colleges","Southern California Intercollegiate Athletic Conf.","III"
"Portland State University","Big Sky Conference","I-FCS"
"Post University","Central Atlantic Collegiate Conference","II"
"Prairie View A&M University","Southwestern Athletic Conf.","I-FCS"
"Presbyterian College","Big South Conference","I-FCS"
"Princeton University","The Ivy League","I-FCS"
"Principia College","St. Louis Intercollegiate Athletic Conference","III"
"Providence College","Big East Conference","I"
"Purchase College, State University of New York","Skyline Conference","III"
"Purdue University","Big Ten Conference","I-FBS"
"Purdue University Northwest","Great Lakes Intercollegiate Athletic Conference","II"
"Queens College (New York)","East Coast Conference","II"
"Queens University of Charlotte","South Atlantic Conference","II"
"Quincy University","Great Lakes Valley Conference","II"
"Quinnipiac University","Metro Atlantic Athletic Conference","I"
"Radford University","Big South Conference","I"
"Ramapo College","New Jersey Athletic Conference","III"
"Randolph College","Old Dominion Athletic Conf.","III"
"Randolph-Macon College","Old Dominion Athletic Conf.","III"
"Regis College (Massachusetts)","New England Collegiate Conference","III"
"Regis University (Colorado)","Rocky Mountain Athletic Conference","II"
"Rensselaer Polytechnic Institute","Liberty League","III"
"Rhode Island College","Little East Conference","III"
"Rhodes College","Southern Athletic Association","III"
"Rice University","Conference USA","I-FBS"
"Rider University","Metro Atlantic Athletic Conference","I"
"Ripon College","Midwest Conference","III"
"Rivier University","Great Northeast Athletic Conference","III"
"Roanoke College","Old Dominion Athletic Conf.","III"
"Robert Morris University","Northeast Conference","I-FCS"
"Roberts Wesleyan College","East Coast Conference","II"
"Rochester Institute of Technology","Liberty League","III"
"Rockford University","Northern Athletics Collegiate Conference","III"
"Rockhurst University","Great Lakes Valley Conference","II"
"Roger Williams University","Commonwealth Coast Conference","III"
"Rogers State University","Heartland Conference","II"
"Rollins College","Sunshine State Conference","II"
"Rose-Hulman Institute of Technology","Heartland Collegiate Athletic Conference","III"
"Rosemont College","Colonial States Athletic Conference","III"
"Rowan University","New Jersey Athletic Conference","III"
"Rust College","Independent","III"
"Rutgers, The State Univ. of New Jersey, Camden","New Jersey Athletic Conference","III"
"Rutgers, The State Univ. of New Jersey, Newark","New Jersey Athletic Conference","III"
"Rutgers, The State University of New Jersey, New Brunswick","Big Ten Conference","I-FBS"
"Sacred Heart University","Northeast Conference","I-FCS"
"Saginaw Valley State University","Great Lakes Intercollegiate Athletic Conference","II"
"Saint Anselm College","Northeast-10 Conference","II"
"Saint Augustine's University","Central Intercollegiate Athletic Association","II"
"Saint Francis University (Pennsylvania)","Northeast Conference","I-FCS"
"Saint Joseph's College (Indiana)","Great Lakes Valley Conference","II"
"Saint Joseph's College (Maine)","Great Northeast Athletic Conference","III"
"Saint Joseph's University","Atlantic 10 Conference","I"
"Saint Leo University","Sunshine State Conference","II"
"Saint Louis University","Atlantic 10 Conference","I"
"Saint Martin's University","Great Northwest Athletic Conference","II"
"Saint Mary's College (Indiana)","Michigan Intercol. Ath. Assn.","III"
"Saint Mary's College of California","West Coast Conference","I"
"Saint Mary's University of Minnesota","Minnesota Intercollegiate Athletic Conference","III"
"Saint Michael's College","Northeast-10 Conference","II"
"Saint Peter's University","Metro Atlantic Athletic Conference","I"
"Saint Vincent College","Presidents' Athletic Conference","III"
"Salem International University","Independent","II"
"Salem State University","Massachusetts State Collegiate Athletic Conference","III"
"Salisbury University","Capital Athletic Conference Inc.","III"
"Salve Regina University","Commonwealth Coast Conference","III"
"Sam Houston State University","Southland Conference","I-FCS"
"Samford University","Southern Conference","I-FCS"
"San Diego State University","Mountain West Conference","I-FBS"
"San Francisco State University","California Collegiate Athletic Association","II"
"San Jose State University","Mountain West Conference","I-FBS"
"Santa Clara University","West Coast Conference","I"
"Sarah Lawrence College","Skyline Conference","III"
"Savannah State University","Mid-Eastern Athletic Conf.","I-FCS"
"Schreiner University","Southern Collegiate Athletic Conference","III"
"Seattle Pacific University","Great Northwest Athletic Conference","II"
"Seattle University","Western Athletic Conference","I"
"Seton Hall University","Big East Conference","I"
"Seton Hill University","Pennsylvania State Athletic Conference","II"
"Shaw University","Central Intercollegiate Athletic Association","II"
"Shenandoah University","Old Dominion Athletic Conf.","III"
"Shepherd University","Mountain East Conference","II"
"Shippensburg University of Pennsylvania","Pennsylvania State Athletic Conference","II"
"Shorter University","Gulf South Conference","II"
"Siena College","Metro Atlantic Athletic Conference","I"
"Simmons College","Great Northeast Athletic Conference","III"
"Simon Fraser University","Great Northwest Athletic Conference","II"
"Simpson College","Iowa Intercol. Athletic Conf.","III"
"Skidmore College","Liberty League","III"
"Slippery Rock University of Pennsylvania","Pennsylvania State Athletic Conference","II"
"Smith College","New England Women's and Men's Athletic Conference","III"
"Sonoma State University","California Collegiate Athletic Association","II"
"South Carolina State University","Mid-Eastern Athletic Conf.","I-FCS"
"South Dakota School of Mines & Technology","Rocky Mountain Athletic Conference","II"
"South Dakota State University","The Summit League","I-FCS"
"Southeast Missouri State University","Ohio Valley Conference","I-FCS"
"Southeastern Louisiana University","Southland Conference","I-FCS"
"Southeastern Oklahoma State University","Great American Conference","II"
"Southern Arkansas University","Great American Conference","II"
"Southern Connecticut State University","Northeast-10 Conference","II"
"Southern Illinois University at Carbondale","Missouri Valley Conference","I-FCS"
"Southern Illinois University Edwardsville","Ohio Valley Conference","I"
"Southern Methodist University","American Athletic Conference","I-FBS"
"Southern Nazarene University","Great American Conference","II"
"Southern New Hampshire University","Northeast-10 Conference","II"
"Southern University, Baton Rouge","Southwestern Athletic Conf.","I-FCS"
"Southern Utah University","Big Sky Conference","I-FCS"
"Southern Vermont College","New England Collegiate Conference","III"
"Southern Virginia University","Capital Athletic Conference Inc.","III"
"Southern Wesleyan University","Conference Carolinas","II"
"Southwest Baptist University","Mid-America Intercollegiate Athletics Association","II"
"Southwest Minnesota State University","Northern Sun Intercollegiate Conference","II"
"Southwestern Oklahoma State University","Great American Conference","II"
"Southwestern University (Texas)","Southern Collegiate Athletic Conference","III"
"Spalding University","St. Louis Intercollegiate Athletic Conference","III"
"Spring Hill College","Southern Intercol. Ath. Conf.","II"
"Springfield College","New England Women's and Men's Athletic Conference","III"
"St. Bonaventure University","Atlantic 10 Conference","I"
"St. Catherine University","Minnesota Intercollegiate Athletic Conference","III"
"St. Cloud State University","Northern Sun Intercollegiate Conference","II"
"St. Edward's University","Heartland Conference","II"
"St. Francis College Brooklyn","Northeast Conference","I"
"St. John Fisher College","Empire 8","III"
"St. John's University (Minnesota)","Minnesota Intercollegiate Athletic Conference","III"
"St. John's University (New York)","Big East Conference","I"
"St. Joseph's College (Brooklyn)","Skyline Conference","III"
"St. Joseph's College (Long Island)","Skyline Conference","III"
"St. Lawrence University","Liberty League","III"
"St. Mary's College of Maryland","Capital Athletic Conference Inc.","III"
"St. Mary's University (Texas)","Heartland Conference","II"
"St. Norbert College","Midwest Conference","III"
"St. Olaf College","Minnesota Intercollegiate Athletic Conference","III"
"St. Thomas Aquinas College","East Coast Conference","II"
"Stanford University","Pac-12 Conference","I-FBS"
"State University College at Old Westbury","Skyline Conference","III"
"State University of New York at Canton","Independent","III"
"State University of New York at Cobleskill","North Eastern Athletic Conference","III"
"State University of New York at Cortland","State University of New York Athletic Conference","III"
"State University of New York at Geneseo","State University of New York Athletic Conference","III"
"State University of New York at New Paltz","State University of New York Athletic Conference","III"
"State University of New York at Oneonta","State University of New York Athletic Conference","III"
"State University of New York at Oswego","State University of New York Athletic Conference","III"
"State University of New York at Potsdam","State University of New York Athletic Conference","III"
"State University of New York Maritime College","Skyline Conference","III"
"State University of New York Polytechnic Institute","North Eastern Athletic Conference","III"
"Stephen F. Austin State University","Southland Conference","I-FCS"
"Stetson University","ASUN Conference","I-FCS"
"Stevens Institute of Technology","Empire 8","III"
"Stevenson University","Middle Atlantic Conferences","III"
"Stockton University","New Jersey Athletic Conference","III"
"Stonehill College","Northeast-10 Conference","II"
"Stony Brook University","America East Conference","I-FCS"
"Suffolk University","Great Northeast Athletic Conference","III"
"Sul Ross State University","American Southwest Conference","III"
"Susquehanna University","Landmark Conference","III"
"Swarthmore College","Centennial Conference","III"
"Sweet Briar College","Old Dominion Athletic Conf.","III"
"Syracuse University","Atlantic Coast Conference","I-FBS"
"Tarleton State University","Lone Star Conference","II"
"Temple University","American Athletic Conference","I-FBS"
"Tennessee State University","Ohio Valley Conference","I-FCS"
"Tennessee Technological University","Ohio Valley Conference","I-FCS"
"Texas A&M International University","Heartland Conference","II"
"Texas A&M University-Commerce","Lone Star Conference","II"
"Texas A&M University-Corpus Christi","Southland Conference","I"
"Texas A&M University-Kingsville","Lone Star Conference","II"
"Texas A&M University, College Station","Southeastern Conference","I-FBS"
"Texas Christian University","Big 12 Conference","I-FBS"
"Texas Lutheran University","Southern Collegiate Athletic Conference","III"
"Texas Southern University","Southwestern Athletic Conf.","I-FCS"
"Texas State University","Sun Belt Conference","I-FBS"
"Texas Tech University","Big 12 Conference","I-FBS"
"Texas Woman's University","Lone Star Conference","II"
"The Citadel","Southern Conference","I-FCS"
"The City College of New York","City University of New York Athletic Conference","III"
"The College of New Jersey","New Jersey Athletic Conference","III"
"The College of Saint Rose","Northeast-10 Conference","II"
"The College of St. Scholastica","Upper Midwest Athletic Conference","III"
"The College of Wooster","North Coast Athletic Conference","III"
"The Lincoln University (Pennsylvania)","Central Intercollegiate Athletic Association","II"
"The Ohio State University","Big Ten Conference","I-FBS"
"The Sage Colleges","Skyline Conference","III"
"The State University of New York at Fredonia","State University of New York Athletic Conference","III"
"The University of North Carolina at Charlotte","Conference USA","I-FBS"
"The University of North Carolina at Greensboro","Southern Conference","I"
"The University of Southern Mississippi","Conference USA","I-FBS"
"The University of Texas at Tyler","American Southwest Conference","III"
"The University of Texas Rio Grande Valley","Western Athletic Conference","I"
"The University of Tulsa","American Athletic Conference","I-FBS"
"The University of Virginia's College at Wise","Mountain East Conference","II"
"Thiel College","Presidents' Athletic Conference","III"
"Thomas College","North Atlantic Conference","III"
"Thomas More College","Presidents' Athletic Conference","III"
"Tiffin University","Great Lakes Intercollegiate Athletic Conference","II"
"Towson University","Colonial Athletic Association","I-FCS"
"Transylvania University","Heartland Collegiate Athletic Conference","III"
"Trevecca Nazarene University","Great Midwest Athletic Conference","II"
"Trine University","Michigan Intercol. Ath. Assn.","III"
"Trinity College (Connecticut)","New England Small College Athletic Conference","III"
"Trinity University (Texas)","Southern Collegiate Athletic Conference","III"
"Trinity Washington University","Independent","III"
"Troy University","Sun Belt Conference","I-FBS"
"Truman State University","Great Lakes Valley Conference","II"
"Tufts University","New England Small College Athletic Conference","III"
"Tulane University","American Athletic Conference","I-FBS"
"Tusculum College","South Atlantic Conference","II"
"Tuskegee University","Southern Intercol. Ath. Conf.","II"
"U.S. Air Force Academy","Mountain West Conference","I-FBS"
"U.S. Coast Guard Academy","New England Women's and Men's Athletic Conference","III"
"U.S. Merchant Marine Academy","Skyline Conference","III"
"U.S. Military Academy","Patriot League","I-FBS"
"U.S. Naval Academy","Patriot League","I-FBS"
"Union College (New York)","Liberty League","III"
"Union University","Gulf South Conference","II"
"University at Albany","America East Conference","I-FCS"
"University at Buffalo, the State University of New York","Mid-American Conference","I-FBS"
"University of Akron","Mid-American Conference","I-FBS"
"University of Alabama","Southeastern Conference","I-FBS"
"University of Alabama at Birmingham","Conference USA","I-FBS"
"University of Alabama in Huntsville","Gulf South Conference","II"
"University of Alaska Anchorage","Great Northwest Athletic Conference","II"
"University of Alaska Fairbanks","Great Northwest Athletic Conference","II"
"University of Arizona","Pac-12 Conference","I-FBS"
"University of Arkansas at Little Rock","Sun Belt Conference","I"
"University of Arkansas, Fayetteville","Southeastern Conference","I-FBS"
"University of Arkansas, Fort Smith","Heartland Conference","II"
"University of Arkansas, Monticello","Great American Conference","II"
"University of Arkansas, Pine Bluff","Southwestern Athletic Conf.","I-FCS"
"University of Bridgeport","East Coast Conference","II"
"University of California, Berkeley","Pac-12 Conference","I-FBS"
"University of California, Davis","Big West Conference","I-FCS"
"University of California, Irvine","Big West Conference","I"
"University of California, Los Angeles","Pac-12 Conference","I-FBS"
"University of California, Riverside","Big West Conference","I"
"University of California, San Diego","California Collegiate Athletic Association","II"
"University of California, Santa Barbara","Big West Conference","I"
"University of California, Santa Cruz","Independent","III"
"University of Central Arkansas","Southland Conference","I-FCS"
"University of Central Florida","American Athletic Conference","I-FBS"
"University of Central Missouri","Mid-America Intercollegiate Athletics Association","II"
"University of Central Oklahoma","Mid-America Intercollegiate Athletics Association","II"
"University of Charleston (West Virginia)","Mountain East Conference","II"
"University of Chicago","University Athletic Association","III"
"University of Cincinnati","American Athletic Conference","I-FBS"
"University of Colorado, Boulder","Pac-12 Conference","I-FBS"
"University of Colorado, Colorado Springs","Rocky Mountain Athletic Conference","II"
"University of Connecticut","American Athletic Conference","I-FBS"
"University of Dallas","Southern Collegiate Athletic Conference","III"
"University of Dayton","Atlantic 10 Conference","I-FCS"
"University of Delaware","Colonial Athletic Association","I-FCS"
"University of Denver","The Summit League","I"
"University of Detroit Mercy","Horizon League","I"
"University of Dubuque","Iowa Intercol. Athletic Conf.","III"
"University of Evansville","Missouri Valley Conference","I"
"University of Findlay","Great Lakes Intercollegiate Athletic Conference","II"
"University of Florida","Southeastern Conference","I-FBS"
"University of Georgia","Southeastern Conference","I-FBS"
"University of Hartford","America East Conference","I"
"University of Hawaii at Hilo","Pacific West Conference","II"
"University of Hawaii, Manoa","Big West Conference","I-FBS"
"University of Houston","American Athletic Conference","I-FBS"
"University of Idaho","Big Sky Conference","I-FBS"
"University of Illinois at Chicago","Horizon League","I"
"University of Illinois at Springfield","Great Lakes Valley Conference","II"
"University of Illinois Urbana-Champaign","Big Ten Conference","I-FBS"
"University of Indianapolis","Great Lakes Valley Conference","II"
"University of Iowa","Big Ten Conference","I-FBS"
"University of Kansas","Big 12 Conference","I-FBS"
"University of Kentucky","Southeastern Conference","I-FBS"
"University of La Verne","Southern California Intercollegiate Athletic Conf.","III"
"University of Louisiana at Lafayette","Sun Belt Conference","I-FBS"
"University of Louisiana at Monroe","Sun Belt Conference","I-FBS"
"University of Louisville","Atlantic Coast Conference","I-FBS"
"University of Maine at Presque Isle","Independent","III"
"University of Maine, Farmington","North Atlantic Conference","III"
"University of Maine, Orono","America East Conference","I-FCS"
"University of Mary","Northern Sun Intercollegiate Conference","II"
"University of Mary Hardin-Baylor","American Southwest Conference","III"
"University of Mary Washington","Capital Athletic Conference Inc.","III"
"University of Maryland Eastern Shore","Mid-Eastern Athletic Conf.","I"
"University of Maryland, Baltimore County","America East Conference","I"
"University of Maryland, College Park","Big Ten Conference","I-FBS"
"University of Massachusetts Boston","Little East Conference","III"
"University of Massachusetts Lowell","America East Conference","II"
"University of Massachusetts, Amherst","Atlantic 10 Conference","I-FBS"
"University of Massachusetts, Dartmouth","Little East Conference","III"
"University of Memphis","American Athletic Conference","I-FBS"
"University of Miami (Florida)","Atlantic Coast Conference","I-FBS"
"University of Michigan","Big Ten Conference","I-FBS"
"University of Minnesota Duluth","Northern Sun Intercollegiate Conference","II"
"University of Minnesota, Crookston","Northern Sun Intercollegiate Conference","II"
"University of Minnesota, Morris","Upper Midwest Athletic Conference","III"
"University of Minnesota, Twin Cities","Big Ten Conference","I-FBS"
"University of Mississippi","Southeastern Conference","I-FBS"
"University of Missouri-Kansas City","Western Athletic Conference","I"
"University of Missouri-St. Louis","Great Lakes Valley Conference","II"
"University of Missouri, Columbia","Southeastern Conference","I-FBS"
"University of Montana","Big Sky Conference","I-FCS"
"University of Montevallo","Peach Belt Conference","II"
"University of Mount Olive","Conference Carolinas","II"
"University of Mount Union","Ohio Athletic Conference","III"
"University of Nebraska at Kearney","Mid-America Intercollegiate Athletics Association","II"
"University of Nebraska Omaha","The Summit League","I"
"University of Nebraska, Lincoln","Big Ten Conference","I-FBS"
"University of Nevada, Las Vegas","Mountain West Conference","I-FBS"
"University of Nevada, Reno","Mountain West Conference","I-FBS"
"University of New England","Commonwealth Coast Conference","III"
"University of New Hampshire","America East Conference","I-FCS"
"University of New Haven","Northeast-10 Conference","II"
"University of New Mexico","Mountain West Conference","I-FBS"
"University of New Orleans","Southland Conference","I"
"University of North Alabama","Gulf South Conference","II"
"University of North Carolina Asheville","Big South Conference","I"
"University of North Carolina at Pembroke","Peach Belt Conference","II"
"University of North Carolina Wilmington","Colonial Athletic Association","I"
"University of North Carolina, Chapel Hill","Atlantic Coast Conference","I-FBS"
"University of North Dakota","Big Sky Conference","I-FCS"
"University of North Florida","ASUN Conference","I"
"University of North Georgia","Peach Belt Conference","II"
"University of North Texas","Conference USA","I-FBS"
"University of Northern Colorado","Big Sky Conference","I-FCS"
"University of Northern Iowa","Missouri Valley Conference","I-FCS"
"University of Northwestern-St. Paul","Upper Midwest Athletic Conference","III"
"University of Notre Dame","Atlantic Coast Conference","I-FBS"
"University of Oklahoma","Big 12 Conference","I-FBS"
"University of Oregon","Pac-12 Conference","I-FBS"
"University of Pennsylvania","The Ivy League","I-FCS"
"University of Pittsburgh","Atlantic Coast Conference","I-FBS"
"University of Pittsburgh, Bradford","Allegheny Mountain Collegiate Conference","III"
"University of Pittsburgh, Greensburg","Allegheny Mountain Collegiate Conference","III"
"University of Pittsburgh, Johnstown","Pennsylvania State Athletic Conference","II"
"University of Portland","West Coast Conference","I"
"University of Puerto Rico, Bayamon","Independent","II"
"University of Puerto Rico, Mayaguez","Independent","II"
"University of Puerto Rico, Rio Piedras","Independent","II"
"University of Puget Sound","Northwest Conference","III"
"University of Redlands","Southern California Intercollegiate Athletic Conf.","III"
"University of Rhode Island","Atlantic 10 Conference","I-FCS"
"University of Richmond","Atlantic 10 Conference","I-FCS"
"University of Rochester","University Athletic Association","III"
"University of San Diego","West Coast Conference","I-FCS"
"University of San Francisco","West Coast Conference","I"
"University of Scranton","Landmark Conference","III"
"University of Sioux Falls","Northern Sun Intercollegiate Conference","II"
"University of South Alabama","Sun Belt Conference","I-FBS"
"University of South Carolina Aiken","Peach Belt Conference","II"
"University of South Carolina Upstate","ASUN Conference","I"
"University of South Carolina, Columbia","Southeastern Conference","I-FBS"
"University of South Dakota","The Summit League","I-FCS"
"University of South Florida","American Athletic Conference","I-FBS"
"University of Southern California","Pac-12 Conference","I-FBS"
"University of Southern Indiana","Great Lakes Valley Conference","II"
"University of Southern Maine","Little East Conference","III"
"University of St. Joseph (Connecticut)","Great Northeast Athletic Conference","III"
"University of St. Thomas (Minnesota)","Minnesota Intercollegiate Athletic Conference","III"
"University of Tampa","Sunshine State Conference","II"
"University of Tennessee at Chattanooga","Southern Conference","I-FCS"
"University of Tennessee at Martin","Ohio Valley Conference","I-FCS"
"University of Tennessee, Knoxville","Southeastern Conference","I-FBS"
"University of Texas at Arlington","Sun Belt Conference","I"
"University of Texas at Austin","Big 12 Conference","I-FBS"
"University of Texas at Dallas","American Southwest Conference","III"
"University of Texas at El Paso","Conference USA","I-FBS"
"University of Texas at San Antonio","Conference USA","I-FBS"
"University of Texas of the Permian Basin","Lone Star Conference","II"
"University of the District of Columbia","East Coast Conference","II"
"University of the Incarnate Word","Southland Conference","II"
"University of the Ozarks (Arkansas)","American Southwest Conference","III"
"University of the Pacific","West Coast Conference","I"
"University of the Sciences","Central Atlantic Collegiate Conference","II"
"University of the South","Southern Athletic Association","III"
"University of Toledo","Mid-American Conference","I-FBS"
"University of Utah","Pac-12 Conference","I-FBS"
"University of Valley Forge","Independent","III"
"University of Vermont","America East Conference","I"
"University of Virginia","Atlantic Coast Conference","I-FBS"
"University of Washington","Pac-12 Conference","I-FBS"
"University of West Alabama","Gulf South Conference","II"
"University of West Florida","Gulf South Conference","II"
"University of West Georgia","Gulf South Conference","II"
"University of Wisconsin-Eau Claire","Wisconsin Intercollegiate Athletic Conference","III"
"University of Wisconsin-Green Bay","Horizon League","I"
"University of Wisconsin-La Crosse","Wisconsin Intercollegiate Athletic Conference","III"
"University of Wisconsin-Madison","Big Ten Conference","I-FBS"
"University of Wisconsin-Milwaukee","Horizon League","I"
"University of Wisconsin-Oshkosh","Wisconsin Intercollegiate Athletic Conference","III"
"University of Wisconsin-Parkside","Great Lakes Valley Conference","II"
"University of Wisconsin-Platteville","Wisconsin Intercollegiate Athletic Conference","III"
"University of Wisconsin-River Falls","Wisconsin Intercollegiate Athletic Conference","III"
"University of Wisconsin-Stevens Point","Wisconsin Intercollegiate Athletic Conference","III"
"University of Wisconsin-Stout","Wisconsin Intercollegiate Athletic Conference","III"
"University of Wisconsin-Superior","Upper Midwest Athletic Conference","III"
"University of Wisconsin-Whitewater","Wisconsin Intercollegiate Athletic Conference","III"
"University of Wyoming","Mountain West Conference","I-FBS"
"Upper Iowa University","Northern Sun Intercollegiate Conference","II"
"Urbana University","Mountain East Conference","II"
"Ursinus College","Centennial Conference","III"
"Ursuline College","Great Midwest Athletic Conference","II"
"Utah State University","Mountain West Conference","I-FBS"
"Utah Valley University","Western Athletic Conference","I"
"Utica College","Empire 8","III"
"Valdosta State University","Gulf South Conference","II"
"Valparaiso University","Horizon League","I-FCS"
"Vanderbilt University","Southeastern Conference","I-FBS"
"Vassar College","Liberty League","III"
"Villanova University","Big East Conference","I-FCS"
"Virginia Commonwealth University","Atlantic 10 Conference","I"
"Virginia Military Institute","Southern Conference","I-FCS"
"Virginia Polytechnic Institute and State University","Atlantic Coast Conference","I-FBS"
"Virginia State University","Central Intercollegiate Athletic Association","II"
"Virginia Union University","Central Intercollegiate Athletic Association","II"
"Virginia Wesleyan College","Old Dominion Athletic Conf.","III"
"Wabash College","North Coast Athletic Conference","III"
"Wagner College","Northeast Conference","I-FCS"
"Wake Forest University","Atlantic Coast Conference","I-FBS"
"Walsh University","Great Lakes Intercollegiate Athletic Conference","II"
"Wartburg College","Iowa Intercol. Athletic Conf.","III"
"Washburn University of Topeka","Mid-America Intercollegiate Athletics Association","II"
"Washington and Jefferson College","Presidents' Athletic Conference","III"
"Washington and Lee University","Old Dominion Athletic Conf.","III"
"Washington College (Maryland)","Centennial Conference","III"
"Washington State University","Pac-12 Conference","I-FBS"
"Washington University in St. Louis","University Athletic Association","III"
"Wayne State College (Nebraska)","Northern Sun Intercollegiate Conference","II"
"Wayne State University (Michigan)","Great Lakes Intercollegiate Athletic Conference","II"
"Waynesburg University","Presidents' Athletic Conference","III"
"Weber State University","Big Sky Conference","I-FCS"
"Webster University","St. Louis Intercollegiate Athletic Conference","III"
"Wellesley College","New England Women's and Men's Athletic Conference","III"
"Wells College","North Eastern Athletic Conference","III"
"Wentworth Institute of Technology","Commonwealth Coast Conference","III"
"Wesley College","Capital Athletic Conference Inc.","III"
"Wesleyan University (Connecticut)","New England Small College Athletic Conference","III"
"West Chester University of Pennsylvania","Pennsylvania State Athletic Conference","II"
"West Liberty University","Mountain East Conference","II"
"West Texas A&M University","Lone Star Conference","II"
"West Virginia State University","Mountain East Conference","II"
"West Virginia University","Big 12 Conference","I-FBS"
"West Virginia Wesleyan College","Mountain East Conference","II"
"Western Carolina University","Southern Conference","I-FCS"
"Western Connecticut State University","Little East Conference","III"
"Western Illinois University","The Summit League","I-FCS"
"Western Kentucky University","Conference USA","I-FBS"
"Western Michigan University","Mid-American Conference","I-FBS"
"Western New England University","Commonwealth Coast Conference","III"
"Western New Mexico University","Lone Star Conference","II"
"Western Oregon University","Great Northwest Athletic Conference","II"
"Western State Colorado University","Rocky Mountain Athletic Conference","II"
"Western Washington University","Great Northwest Athletic Conference","II"
"Westfield State University","Massachusetts State Collegiate Athletic Conference","III"
"Westminster College (Missouri)","St. Louis Intercollegiate Athletic Conference","III"
"Westminster College (Pennsylvania)","Presidents' Athletic Conference","III"
"Westminster College (Utah)","Rocky Mountain Athletic Conference","II"
"Wheaton College (Illinois)","College Conference of Illinois & Wisconsin","III"
"Wheaton College (Massachusetts)","New England Women's and Men's Athletic Conference","III"
"Wheeling Jesuit University","Mountain East Conference","II"
"Wheelock College","New England Collegiate Conference","III"
"Whitman College","Northwest Conference","III"
"Whittier College","Southern California Intercollegiate Athletic Conf.","III"
"Whitworth University","Northwest Conference","III"
"Wichita State University","Missouri Valley Conference","I"
"Widener University","Middle Atlantic Conferences","III"
"Wilkes University","Middle Atlantic Conferences","III"
"Willamette University","Northwest Conference","III"
"William Jewell College","Great Lakes Valley Conference","II"
"William Paterson University of New Jersey","New Jersey Athletic Conference","III"
"William Peace University","USA South Athletic Conference","III"
"Williams College","New England Small College Athletic Conference","III"
"Wilmington College (Ohio)","Ohio Athletic Conference","III"
"Wilmington University (Delaware)","Central Atlantic Collegiate Conference","II"
"Wilson College","North Eastern Athletic Conference","III"
"Wingate University","South Atlantic Conference","II"
"Winona State University","Northern Sun Intercollegiate Conference","II"
"Winston-Salem State University","Central Intercollegiate Athletic Association","II"
"Winthrop University","Big South Conference","I"
"Wisconsin Lutheran College","Northern Athletics Collegiate Conference","III"
"Wittenberg University","North Coast Athletic Conference","III"
"Wofford College","Southern Conference","I-FCS"
"Worcester Polytechnic Institute","New England Women's and Men's Athletic Conference","III"
"Worcester State University","Massachusetts State Collegiate Athletic Conference","III"
"Wright State University","Horizon League","I"
"Xavier University","Big East Conference","I"
"Yale University","The Ivy League","I-FCS"
"Yeshiva University","Skyline Conference","III"
"York College (New York)","City University of New York Athletic Conference","III"
"York College (Pennsylvania)","Capital Athletic Conference Inc.","III"
"Young Harris College","Peach Belt Conference","II"
"Youngstown State University","Horizon League","I-FCS"
