"School","Conference","Division","IPEDS_ID"
"University of Alabama at Birmingham","Conference USA","I-FBS",100663
"University of Alabama in Huntsville","Gulf South Conference","II",100706
"Alabama State University","Southwestern Athletic Conf.","I-FCS",100724
"Auburn University at Montgomery","Independent","II",100830
"Auburn University","Southeastern Conference","I-FBS",100858
"Huntingdon College","USA South Athletic Conference","III",101435
"Jacksonville State University","Ohio Valley Conference","I-FCS",101480
"University of West Alabama","Gulf South Conference","II",101587
"Miles College","Southern Intercol. Ath. Conf.","II",101675
"University of Montevallo","Peach Belt Conference","II",101709
"University of North Alabama","Gulf South Conference","II",101879
"Samford University","Southern Conference","I-FCS",102049
"University of South Alabama","Sun Belt Conference","I-FBS",102094
"Spring Hill College","Southern Intercol. Ath. Conf.","II",102234
"Troy University","Sun Belt Conference","I-FBS",102368
"Tuskegee University","Southern Intercol. Ath. Conf.","II",102377
"University of Alaska Anchorage","Great Northwest Athletic Conference","II",102553
"University of Alaska Fairbanks","Great Northwest Athletic Conference","II",102614
"University of Arizona","Pac-12 Conference","I-FBS",104179
"Grand Canyon University","Western Athletic Conference","II",104717
"Northern Arizona University","Big Sky Conference","I-FCS",105330
"University of Arkansas at Little Rock","Sun Belt Conference","I",106245
"Arkansas Tech University","Great American Conference","II",106467
"University of Central Arkansas","Southland Conference","I-FCS",106704
"Harding University","Great American Conference","II",107044
"Henderson State University","Great American Conference","II",107071
"Hendrix College","Southern Athletic Association","III",107080
"Ouachita Baptist University","Great American Conference","II",107512
"Academy of Art University","Pacific West Conference","II",108232
"Azusa Pacific University","Pacific West Conference","II",109785
"Biola University","Pacific West Conference","II",110097
"California Baptist University","Pacific West Conference","II",110361
"California Institute of Technology","Southern California Intercollegiate Athletic Conf.","III",110404
"California Lutheran University","Southern California Intercollegiate Athletic Conf.","III",110413
"Chapman University","Southern California Intercollegiate Athletic Conf.","III",111948
"Dominican University of California","Pacific West Conference","II",113698
"Fresno Pacific University","Pacific West Conference","II",114813
"Holy Names University","Pacific West Conference","II",115728
"Humboldt State University","California Collegiate Athletic Association","II",115755
"University of La Verne","Southern California Intercollegiate Athletic Conf.","III",117140
"Loyola Marymount University","West Coast Conference","I",117946
"Mills College","Independent","III",118888
"Notre Dame de Namur University","Pacific West Conference","II",120184
"Occidental College","Southern California Intercollegiate Athletic Conf.","III",120254
"University of the Pacific","West Coast Conference","I",120883
"Pepperdine University","West Coast Conference","I",121150
"Point Loma Nazarene University","Pacific West Conference","II",121309
"University of Redlands","Southern California Intercollegiate Athletic Conf.","III",121691
"San Diego State University","Mountain West Conference","I-FBS",122409
"University of San Diego","West Coast Conference","I-FCS",122436
"San Francisco State University","California Collegiate Athletic Association","II",122597
"University of San Francisco","West Coast Conference","I",122612
"San Jose State University","Mountain West Conference","I-FBS",122755
"Santa Clara University","West Coast Conference","I",122931
"Saint Mary's College of California","West Coast Conference","I",123554
"Sonoma State University","California Collegiate Athletic Association","II",123572
"University of Southern California","Pac-12 Conference","I-FBS",123961
"Whittier College","Southern California Intercollegiate Athletic Conf.","III",125763
"Adams State University","Rocky Mountain Athletic Conference","II",126182
"Colorado Christian University","Rocky Mountain Athletic Conference","II",126669
"Colorado College","Southern Collegiate Athletic Conference","III",126678
"Colorado School of Mines","Rocky Mountain Athletic Conference","II",126775
"University of Denver","The Summit League","I",127060
"Fort Lewis College","Rocky Mountain Athletic Conference","II",127185
"Colorado Mesa University","Rocky Mountain Athletic Conference","II",127556
"Metropolitan State University of Denver","Rocky Mountain Athletic Conference","II",127565
"University of Northern Colorado","Big Sky Conference","I-FCS",127741
"Colorado State University-Pueblo","Rocky Mountain Athletic Conference","II",128106
"Western State Colorado University","Rocky Mountain Athletic Conference","II",128391
"Albertus Magnus College","Great Northeast Athletic Conference","III",128498
"University of Bridgeport","East Coast Conference","II",128744
"Central Connecticut State University","Northeast Conference","I-FCS",128771
"Connecticut College","New England Small College Athletic Conference","III",128902
"University of Connecticut","American Athletic Conference","I-FBS",129020
"Eastern Connecticut State University","Little East Conference","III",129215
"Fairfield University","Metro Atlantic Athletic Conference","I",129242
"University of Hartford","America East Conference","I",129525
"Mitchell College","New England Collegiate Conference","III",129774
"University of New Haven","Northeast-10 Conference","II",129941
"Post University","Central Atlantic Collegiate Conference","II",130183
"Quinnipiac University","Metro Atlantic Athletic Conference","I",130226
"Sacred Heart University","Northeast Conference","I-FCS",130253
"Southern Connecticut State University","Northeast-10 Conference","II",130493
"Western Connecticut State University","Little East Conference","III",130776
"Yale University","The Ivy League","I-FCS",130794
"Delaware State University","Mid-Eastern Athletic Conf.","I-FCS",130934
"University of Delaware","Colonial Athletic Association","I-FCS",130943
"Goldey-Beacom College","Central Atlantic Collegiate Conference","II",130989
"Wesley College","Capital Athletic Conference Inc.","III",131098
"American University","Patriot League","I",131159
"University of the District of Columbia","East Coast Conference","II",131399
"Gallaudet University","North Eastern Athletic Conference","III",131450
"George Washington University","Atlantic 10 Conference","I",131469
"Georgetown University","Big East Conference","I-FCS",131496
"Howard University","Mid-Eastern Athletic Conf.","I-FCS",131520
"Trinity Washington University","Independent","III",131876
"Barry University","Sunshine State Conference","II",132471
"Bethune-Cookman University","Mid-Eastern Athletic Conf.","I-FCS",132602
"Lynn University","Sunshine State Conference","II",132657
"University of Central Florida","American Athletic Conference","I-FBS",132903
"Eckerd College","Sunshine State Conference","II",133492
"Florida Atlantic University","Conference USA","I-FBS",133669
"Florida Institute of Technology","Sunshine State Conference","II",133881
"Florida International University","Conference USA","I-FBS",133951
"Florida Southern College","Sunshine State Conference","II",134079
"Florida State University","Atlantic Coast Conference","I-FBS",134097
"University of Florida","Southeastern Conference","I-FBS",134130
"Jacksonville University","ASUN Conference","I-FCS",134945
"University of North Florida","ASUN Conference","I",136172
"Nova Southeastern University","Sunshine State Conference","II",136215
"Palm Beach Atlantic University","Independent","II",136330
"Rollins College","Sunshine State Conference","II",136950
"Saint Leo University","Sunshine State Conference","II",137032
"Stetson University","ASUN Conference","I-FCS",137546
"Agnes Scott College","USA South Athletic Conference","III",138600
"Armstrong State University","Peach Belt Conference","II",138789
"Clark Atlanta University","Southern Intercol. Ath. Conf.","II",138947
"Berry College","Southern Athletic Association","III",139144
"Columbus State University","Peach Belt Conference","II",139366
"Covenant College","USA South Athletic Conference","III",139393
"Emory University","University Athletic Association","III",139658
"Fort Valley State University","Southern Intercol. Ath. Conf.","II",139719
"Georgia Southwestern State University","Peach Belt Conference","II",139764
"Georgia Southern University","Sun Belt Conference","I-FBS",139931
"Georgia State University","Sun Belt Conference","I-FBS",139940
"University of Georgia","Southeastern Conference","I-FBS",139959
"Kennesaw State University","ASUN Conference","I-FCS",140164
"LaGrange College","USA South Athletic Conference","III",140234
"Mercer University","Southern Conference","I-FCS",140447
"Morehouse College","Southern Intercol. Ath. Conf.","II",140553
"Oglethorpe University","Southern Athletic Association","III",140696
"Paine College","Southern Intercol. Ath. Conf.","II",140720
"Piedmont College","USA South Athletic Conference","III",140818
"Savannah State University","Mid-Eastern Athletic Conf.","I-FCS",140960
"Shorter University","Gulf South Conference","II",140988
"Valdosta State University","Gulf South Conference","II",141264
"University of West Georgia","Gulf South Conference","II",141334
"Young Harris College","Peach Belt Conference","II",141361
"University of Hawaii at Hilo","Pacific West Conference","II",141565
"Hawaii Pacific University","Pacific West Conference","II",141644
"Boise State University","Mountain West Conference","I-FBS",142115
"Idaho State University","Big Sky Conference","I-FCS",142276
"University of Idaho","Big Sky Conference","I-FBS",142285
"Northwest Nazarene University","Great Northwest Athletic Conference","II",142461
"Aurora University","Northern Athletics Collegiate Conference","III",143118
"Blackburn College","St. Louis Intercollegiate Athletic Conference","III",143288
"Bradley University","Missouri Valley Conference","I",143358
"Chicago State University","Western Athletic Conference","I",144005
"University of Chicago","University Athletic Association","III",144050
"DePaul University","Big East Conference","I",144740
"Eastern Illinois University","Ohio Valley Conference","I-FCS",144892
"Elmhurst College","College Conference of Illinois & Wisconsin","III",144962
"Eureka College","St. Louis Intercollegiate Athletic Conference","III",144971
"Greenville College","St. Louis Intercollegiate Athletic Conference","III",145372
"University of Illinois at Chicago","Horizon League","I",145600
"Illinois Wesleyan University","College Conference of Illinois & Wisconsin","III",145646
"Illinois College","Midwest Conference","III",145691
"Illinois Institute of Technology","Independent","III",145725
"Illinois State University","Missouri Valley Conference","I-FCS",145813
"Knox College","Midwest Conference","III",146427
"Lake Forest College","Midwest Conference","III",146481
"Lewis University","Great Lakes Valley Conference","II",146612
"Loyola University Chicago","Missouri Valley Conference","I",146719
"MacMurray College","St. Louis Intercollegiate Athletic Conference","III",146825
"McKendree University","Great Lakes Valley Conference","II",147013
"Millikin University","College Conference of Illinois & Wisconsin","III",147244
"North Central College","College Conference of Illinois & Wisconsin","III",147660
"North Park University","College Conference of Illinois & Wisconsin","III",147679
"Northern Illinois University","Mid-American Conference","I-FBS",147703
"Northwestern University","Big Ten Conference","I-FBS",147767
"Principia College","St. Louis Intercollegiate Athletic Conference","III",148016
"Quincy University","Great Lakes Valley Conference","II",148131
"Rockford University","Northern Athletics Collegiate Conference","III",148405
"University of Illinois at Springfield","Great Lakes Valley Conference","II",148654
"Western Illinois University","The Summit League","I-FCS",149772
"Ball State University","Mid-American Conference","I-FBS",150136
"Butler University","Big East Conference","I-FCS",150163
"DePauw University","North Coast Athletic Conference","III",150400
"Earlham College","Heartland Collegiate Athletic Conference","III",150455
"University of Evansville","Missouri Valley Conference","I",150534
"Franklin College","Heartland Collegiate Athletic Conference","III",150604
"Hanover College","Heartland Collegiate Athletic Conference","III",150756
"University of Indianapolis","Great Lakes Valley Conference","II",151263
"University of Southern Indiana","Great Lakes Valley Conference","II",151306
"Indiana State University","Missouri Valley Conference","I-FCS",151324
"Manchester University","Heartland Collegiate Athletic Conference","III",151777
"University of Notre Dame","Atlantic Coast Conference","I-FBS",152080
"Oakland City University","Independent","II",152099
"Rose-Hulman Institute of Technology","Heartland Collegiate Athletic Conference","III",152318
"Trine University","Michigan Intercol. Ath. Assn.","III",152567
"Valparaiso University","Horizon League","I-FCS",152600
"Wabash College","North Coast Athletic Conference","III",152673
"Buena Vista University","Iowa Intercol. Athletic Conf.","III",153001
"Coe College","Iowa Intercol. Athletic Conf.","III",153144
"Cornell College","Midwest Conference","III",153162
"Drake University","Missouri Valley Conference","I-FCS",153269
"University of Dubuque","Iowa Intercol. Athletic Conf.","III",153278
"Grinnell College","Midwest Conference","III",153384
"Iowa State University","Big 12 Conference","I-FBS",153603
"Iowa Wesleyan University","St. Louis Intercollegiate Athletic Conference","III",153621
"University of Iowa","Big Ten Conference","I-FBS",153658
"Loras College","Iowa Intercol. Athletic Conf.","III",153825
"Luther College","Iowa Intercol. Athletic Conf.","III",153834
"University of Northern Iowa","Missouri Valley Conference","I-FCS",154095
"Simpson College","Iowa Intercol. Athletic Conf.","III",154350
"Upper Iowa University","Northern Sun Intercollegiate Conference","II",154493
"Wartburg College","Iowa Intercol. Athletic Conf.","III",154527
"Emporia State University","Mid-America Intercollegiate Athletics Association","II",155025
"Fort Hays State University","Mid-America Intercollegiate Athletics Association","II",155061
"University of Kansas","Big 12 Conference","I-FBS",155317
"Newman University","Heartland Conference","II",155335
"Kansas State University","Big 12 Conference","I-FBS",155399
"Pittsburg State University","Mid-America Intercollegiate Athletics Association","II",155681
"Wichita State University","Missouri Valley Conference","I",156125
"Bellarmine University","Great Lakes Valley Conference","II",156286
"Berea College","Independent","III",156295
"Centre College","Southern Athletic Association","III",156408
"Eastern Kentucky University","Ohio Valley Conference","I-FCS",156620
"Kentucky State University","Southern Intercol. Ath. Conf.","II",157058
"Kentucky Wesleyan College","Great Midwest Athletic Conference","II",157076
"University of Kentucky","Southeastern Conference","I-FBS",157085
"University of Louisville","Atlantic Coast Conference","I-FBS",157289
"Morehead State University","Ohio Valley Conference","I-FCS",157386
"Murray State University","Ohio Valley Conference","I-FCS",157401
"Northern Kentucky University","Horizon League","I",157447
"Spalding University","St. Louis Intercollegiate Athletic Conference","III",157757
"Thomas More College","Presidents' Athletic Conference","III",157809
"Transylvania University","Heartland Collegiate Athletic Conference","III",157818
"Western Kentucky University","Conference USA","I-FBS",157951
"Grambling State University","Southwestern Athletic Conf.","I-FCS",159009
"Louisiana College","American Southwest Conference","III",159568
"Louisiana Tech University","Conference USA","I-FBS",159647
"McNeese State University","Southland Conference","I-FCS",159717
"University of New Orleans","Southland Conference","I",159939
"Nicholls State University","Southland Conference","I-FCS",159966
"University of Louisiana at Monroe","Sun Belt Conference","I-FBS",159993
"Southeastern Louisiana University","Southland Conference","I-FCS",160612
"University of Louisiana at Lafayette","Sun Belt Conference","I-FBS",160658
"Bates College","New England Small College Athletic Conference","III",160977
"Bowdoin College","New England Small College Athletic Conference","III",161004
"Colby College","New England Small College Athletic Conference","III",161086
"Husson University","North Atlantic Conference","III",161165
"Maine Maritime Academy","North Atlantic Conference","III",161299
"University of Maine at Presque Isle","Independent","III",161341
"University of New England","Commonwealth Coast Conference","III",161457
"University of Southern Maine","Little East Conference","III",161554
"Thomas College","North Atlantic Conference","III",161563
"Bowie State University","Central Intercollegiate Athletic Association","II",162007
"Coppin State University","Mid-Eastern Athletic Conf.","I",162283
"Frostburg State University","Capital Athletic Conference Inc.","III",162584
"Goucher College","Landmark Conference","III",162654
"Hood College","Middle Atlantic Conferences","III",162760
"Johns Hopkins University","Centennial Conference","III",162928
"Loyola University Maryland","Patriot League","I",163046
"University of Maryland Eastern Shore","Mid-Eastern Athletic Conf.","I",163338
"Morgan State University","Mid-Eastern Athletic Conf.","I-FCS",163453
"Notre Dame of Maryland University","Colonial States Athletic Conference","III",163578
"Salisbury University","Capital Athletic Conference Inc.","III",163851
"Towson University","Colonial Athletic Association","I-FCS",164076
"Stevenson University","Middle Atlantic Conferences","III",164173
"McDaniel College","Centennial Conference","III",164270
"American International College","Northeast-10 Conference","II",164447
"Amherst College","New England Small College Athletic Conference","III",164465
"Anna Maria College","Great Northeast Athletic Conference","III",164492
"Assumption College","Northeast-10 Conference","II",164562
"Babson College","New England Women's and Men's Athletic Conference","III",164580
"Bay Path University","New England Collegiate Conference","III",164632
"Becker College","New England Collegiate Conference","III",164720
"Bentley University","Northeast-10 Conference","II",164739
"Boston College","Atlantic Coast Conference","I-FBS",164924
"Boston University","Patriot League","I",164988
"Brandeis University","University Athletic Association","III",165015
"Bridgewater State University","Massachusetts State Collegiate Athletic Conference","III",165024
"Curry College","Commonwealth Coast Conference","III",165529
"Eastern Nazarene College","Commonwealth Coast Conference","III",165644
"Emerson College","New England Women's and Men's Athletic Conference","III",165662
"Endicott College","Commonwealth Coast Conference","III",165699
"Fitchburg State University","Massachusetts State Collegiate Athletic Conference","III",165820
"Framingham State University","Massachusetts State Collegiate Athletic Conference","III",165866
"Gordon College","Commonwealth Coast Conference","III",165936
"Harvard University","The Ivy League","I-FCS",166027
"College of the Holy Cross","Patriot League","I-FCS",166124
"Lasell College","Great Northeast Athletic Conference","III",166391
"Lesley University","New England Collegiate Conference","III",166452
"Massachusetts Institute of Technology","New England Women's and Men's Athletic Conference","III",166683
"Massachusetts Maritime Academy","Massachusetts State Collegiate Athletic Conference","III",166692
"Merrimack College","Northeast-10 Conference","II",166850
"Mount Holyoke College","New England Women's and Men's Athletic Conference","III",166939
"Mount Ida College","Great Northeast Athletic Conference","III",166948
"Newbury College","New England Collegiate Conference","III",167251
"Nichols College","Commonwealth Coast Conference","III",167260
"Massachusetts College of Liberal Arts","Massachusetts State Collegiate Athletic Conference","III",167288
"Northeastern University","Colonial Athletic Association","I",167358
"Pine Manor College","Eastern College Athletic Conference","III",167455
"Salem State University","Massachusetts State Collegiate Athletic Conference","III",167729
"Simmons College","Great Northeast Athletic Conference","III",167783
"Smith College","New England Women's and Men's Athletic Conference","III",167835
"Springfield College","New England Women's and Men's Athletic Conference","III",167899
"Stonehill College","Northeast-10 Conference","II",167996
"Suffolk University","Great Northeast Athletic Conference","III",168005
"Tufts University","New England Small College Athletic Conference","III",168148
"Wellesley College","New England Women's and Men's Athletic Conference","III",168218
"Wentworth Institute of Technology","Commonwealth Coast Conference","III",168227
"Western New England University","Commonwealth Coast Conference","III",168254
"Westfield State University","Massachusetts State Collegiate Athletic Conference","III",168263
"Wheelock College","New England Collegiate Conference","III",168290
"Williams College","New England Small College Athletic Conference","III",168342
"Worcester Polytechnic Institute","New England Women's and Men's Athletic Conference","III",168421
"Worcester State University","Massachusetts State Collegiate Athletic Conference","III",168430
"Adrian College","Michigan Intercol. Ath. Assn.","III",168528
"Albion College","Michigan Intercol. Ath. Assn.","III",168546
"Alma College","Michigan Intercol. Ath. Assn.","III",168591
"Calvin College","Michigan Intercol. Ath. Assn.","III",169080
"Central Michigan University","Mid-American Conference","I-FBS",169248
"Davenport University","Great Lakes Intercollegiate Athletic Conference","II",169479
"University of Detroit Mercy","Horizon League","I",169716
"Eastern Michigan University","Mid-American Conference","I-FBS",169798
"Ferris State University","Great Lakes Intercollegiate Athletic Conference","II",169910
"Grand Valley State University","Great Lakes Intercollegiate Athletic Conference","II",170082
"Hillsdale College","Great Lakes Intercollegiate Athletic Conference","II",170286
"Hope College","Michigan Intercol. Ath. Assn.","III",170301
"Kalamazoo College","Michigan Intercol. Ath. Assn.","III",170532
"Lake Superior State University","Great Lakes Intercollegiate Athletic Conference","II",170639
"Michigan State University","Big Ten Conference","I-FBS",171100
"Michigan Technological University","Great Lakes Intercollegiate Athletic Conference","II",171128
"Northern Michigan University","Great Lakes Intercollegiate Athletic Conference","II",171456
"Oakland University","Horizon League","I",171571
"Olivet College","Michigan Intercol. Ath. Assn.","III",171599
"Saginaw Valley State University","Great Lakes Intercollegiate Athletic Conference","II",172051
"Finlandia University","Independent","III",172440
"Western Michigan University","Mid-American Conference","I-FBS",172699
"Augsburg College","Minnesota Intercollegiate Athletic Conference","III",173045
"Bemidji State University","Northern Sun Intercollegiate Conference","II",173124
"Bethany Lutheran College","Upper Midwest Athletic Conference","III",173142
"Carleton College","Minnesota Intercollegiate Athletic Conference","III",173258
"Martin Luther College","Upper Midwest Athletic Conference","III",173452
"Gustavus Adolphus College","Minnesota Intercollegiate Athletic Conference","III",173647
"Hamline University","Minnesota Intercollegiate Athletic Conference","III",173665
"Macalester College","Minnesota Intercollegiate Athletic Conference","III",173902
"Minnesota State University Moorhead","Northern Sun Intercollegiate Conference","II",174358
"North Central University","Upper Midwest Athletic Conference","III",174437
"College of Saint Benedict","Minnesota Intercollegiate Athletic Conference","III",174747
"Saint Mary's University of Minnesota","Minnesota Intercollegiate Athletic Conference","III",174817
"Southwest Minnesota State University","Northern Sun Intercollegiate Conference","II",175078
"Winona State University","Northern Sun Intercollegiate Conference","II",175272
"Alcorn State University","Southwestern Athletic Conf.","I-FCS",175342
"Belhaven University","American Southwest Conference","III",175421
"Delta State University","Gulf South Conference","II",175616
"Jackson State University","Southwestern Athletic Conf.","I-FCS",175856
"Millsaps College","Southern Athletic Association","III",175980
"University of Mississippi","Southeastern Conference","I-FBS",176017
"Mississippi Valley State University","Southwestern Athletic Conf.","I-FCS",176044
"Mississippi College","Gulf South Conference","II",176053
"Mississippi State University","Southeastern Conference","I-FBS",176080
"Rust College","Independent","III",176318
"University of Central Missouri","Mid-America Intercollegiate Athletics Association","II",176965
"Drury University","Great Lakes Valley Conference","II",177214
"Fontbonne University","St. Louis Intercollegiate Athletic Conference","III",177418
"Lindenwood University","Mid-America Intercollegiate Athletics Association","II",177968
"Maryville University of Saint Louis","Great Lakes Valley Conference","II",178059
"Missouri Southern State University","Mid-America Intercollegiate Athletics Association","II",178341
"Missouri Western State University","Mid-America Intercollegiate Athletics Association","II",178387
"University of Missouri-Kansas City","Western Athletic Conference","I",178402
"Missouri University of Science and Technology","Great Lakes Valley Conference","II",178411
"Truman State University","Great Lakes Valley Conference","II",178615
"Northwest Missouri State University","Mid-America Intercollegiate Athletics Association","II",178624
"Rockhurst University","Great Lakes Valley Conference","II",179043
"Saint Louis University","Atlantic 10 Conference","I",179159
"Southwest Baptist University","Mid-America Intercollegiate Athletics Association","II",179326
"Southeast Missouri State University","Ohio Valley Conference","I-FCS",179557
"Webster University","St. Louis Intercollegiate Athletic Conference","III",179894
"William Jewell College","Great Lakes Valley Conference","II",179955
"Chadron State College","Rocky Mountain Athletic Conference","II",180948
"Creighton University","Big East Conference","I",181002
"University of Nebraska at Kearney","Mid-America Intercollegiate Athletics Association","II",181215
"Nebraska Wesleyan University","Iowa Intercol. Athletic Conf.","III",181446
"Colby-Sawyer College","North Atlantic Conference","III",182634
"Daniel Webster College","New England Collegiate Conference","III",182661
"Dartmouth College","The Ivy League","I-FCS",182670
"Franklin Pierce University","Northeast-10 Conference","II",182795
"New England College","North Atlantic Conference","III",182980
"Southern New Hampshire University","Northeast-10 Conference","II",183026
"Keene State College","Little East Conference","III",183062
"Plymouth State University","Little East Conference","III",183080
"Rivier University","Great Northeast Athletic Conference","III",183211
"Saint Anselm College","Northeast-10 Conference","II",183239
"Bloomfield College","Central Atlantic Collegiate Conference","II",183822
"Caldwell University","Central Atlantic Collegiate Conference","II",183910
"Drew University","Landmark Conference","III",184348
"Felician University","Central Atlantic Collegiate Conference","II",184612
"Georgian Court University","Central Atlantic Collegiate Conference","II",184773
"Rowan University","New Jersey Athletic Conference","III",184782
"New Jersey City University","New Jersey Athletic Conference","III",185129
"Kean University","New Jersey Athletic Conference","III",185262
"Monmouth University","Metro Atlantic Athletic Conference","I-FCS",185572
"Montclair State University","New Jersey Athletic Conference","III",185590
"New Jersey Institute of Technology","ASUN Conference","I",185828
"Princeton University","The Ivy League","I-FCS",186131
"Rider University","Metro Atlantic Athletic Conference","I",186283
"Saint Peter's University","Metro Atlantic Athletic Conference","I",186432
"Seton Hall University","Big East Conference","I",186584
"College of Saint Elizabeth","North Eastern Athletic Conference","III",186618
"Stevens Institute of Technology","Empire 8","III",186867
"Stockton University","New Jersey Athletic Conference","III",186876
"The College of New Jersey","New Jersey Athletic Conference","III",187134
"William Paterson University of New Jersey","New Jersey Athletic Conference","III",187444
"New Mexico Highlands University","Rocky Mountain Athletic Conference","II",187897
"Western New Mexico University","Lone Star Conference","II",188304
"Adelphi University","Northeast-10 Conference","II",188429
"Alfred University","Empire 8","III",188641
"Bard College","Liberty League","III",189088
"Canisius College","Metro Atlantic Athletic Conference","I",189705
"Cazenovia College","North Eastern Athletic Conference","III",189848
"Clarkson University","Liberty League","III",190044
"Colgate University","Patriot League","I-FCS",190099
"Cornell University","The Ivy League","I-FCS",190415
"D'Youville College","Allegheny Mountain Collegiate Conference","III",190716
"Daemen College","East Coast Conference","II",190725
"Elmira College","Empire 8","III",190983
"Fordham University","Atlantic 10 Conference","I-FCS",191241
"Hamilton College","New England Small College Athletic Conference","III",191515
"Hartwick College","Empire 8","III",191533
"Hilbert College","Allegheny Mountain Collegiate Conference","III",191621
"Hofstra University","Colonial Athletic Association","I",191649
"Houghton College","Empire 8","III",191676
"Iona College","Metro Atlantic Athletic Conference","I",191931
"Ithaca College","Empire 8","III",191968
"Keuka College","North Eastern Athletic Conference","III",192192
"Le Moyne College","Northeast-10 Conference","II",192323
"Manhattan College","Metro Atlantic Athletic Conference","I",192703
"Manhattanville College","Middle Atlantic Conferences","III",192749
"Marist College","Metro Atlantic Athletic Conference","I-FCS",192819
"Medaille College","Allegheny Mountain Collegiate Conference","III",192925
"Mercy College","East Coast Conference","II",193016
"Molloy College","East Coast Conference","II",193292
"Nazareth College","Empire 8","III",193584
"New York University","University Athletic Association","III",193900
"Niagara University","Metro Atlantic Athletic Conference","I",193973
"New York Institute of Technology","East Coast Conference","II",194091
"Nyack College","Central Atlantic Collegiate Conference","II",194161
"Rensselaer Polytechnic Institute","Liberty League","III",194824
"Roberts Wesleyan College","East Coast Conference","II",194958
"Rochester Institute of Technology","Liberty League","III",195003
"University of Rochester","University Athletic Association","III",195030
"The Sage Colleges","Skyline Conference","III",195128
"The College of Saint Rose","Northeast-10 Conference","II",195234
"St. Thomas Aquinas College","East Coast Conference","II",195243
"Sarah Lawrence College","Skyline Conference","III",195304
"Siena College","Metro Atlantic Athletic Conference","I",195474
"Skidmore College","Liberty League","III",195526
"Farmingdale State College","Skyline Conference","III",196042
"Morrisville State College","North Eastern Athletic Conference","III",196051
"Stony Brook University","America East Conference","I-FCS",196097
"State University of New York at New Paltz","State University of New York Athletic Conference","III",196176
"Syracuse University","Atlantic Coast Conference","I-FBS",196413
"Utica College","Empire 8","III",197045
"Vassar College","Liberty League","III",197133
"Wagner College","Northeast Conference","I-FCS",197197
"Wells College","North Eastern Athletic Conference","III",197230
"Yeshiva University","Skyline Conference","III",197708
"Appalachian State University","Sun Belt Conference","I-FBS",197869
"Barton College","Conference Carolinas","II",197911
"Belmont Abbey College","Conference Carolinas","II",197984
"Brevard College","South Atlantic Conference","II",198066
"Campbell University","Big South Conference","I-FCS",198136
"Catawba College","South Atlantic Conference","II",198215
"Chowan University","Central Intercollegiate Athletic Association","II",198303
"Davidson College","Atlantic 10 Conference","I-FCS",198385
"Duke University","Atlantic Coast Conference","I-FBS",198419
"East Carolina University","American Athletic Conference","I-FBS",198464
"Elizabeth City State University","Central Intercollegiate Athletic Association","II",198507
"Elon University","Colonial Athletic Association","I-FCS",198516
"Fayetteville State University","Central Intercollegiate Athletic Association","II",198543
"Gardner-Webb University","Big South Conference","I-FCS",198561
"Greensboro College","USA South Athletic Conference","III",198598
"Guilford College","Old Dominion Athletic Conf.","III",198613
"High Point University","Big South Conference","I",198695
"Lees-McRae College","Conference Carolinas","II",198808
"Lenoir-Rhyne University","South Atlantic Conference","II",198835
"Livingstone College","Central Intercollegiate Athletic Association","II",198862
"Mars Hill University","South Atlantic Conference","II",198899
"Meredith College","USA South Athletic Conference","III",198950
"Methodist University","USA South Athletic Conference","III",198969
"University of Mount Olive","Conference Carolinas","II",199069
"North Carolina Central University","Mid-Eastern Athletic Conf.","I-FCS",199157
"North Carolina Wesleyan College","USA South Athletic Conference","III",199209
"University of North Carolina Wilmington","Colonial Athletic Association","I",199218
"William Peace University","USA South Athletic Conference","III",199272
"University of North Carolina at Pembroke","Peach Belt Conference","II",199281
"Pfeiffer University","Conference Carolinas","II",199306
"Queens University of Charlotte","South Atlantic Conference","II",199412
"Saint Augustine's University","Central Intercollegiate Athletic Association","II",199582
"Shaw University","Central Intercollegiate Athletic Association","II",199643
"Wake Forest University","Atlantic Coast Conference","I-FBS",199847
"Wingate University","South Atlantic Conference","II",199962
"Winston-Salem State University","Central Intercollegiate Athletic Association","II",199999
"Western Carolina University","Southern Conference","I-FCS",200004
"University of Mary","Northern Sun Intercollegiate Conference","II",200217
"Minot State University","Northern Sun Intercollegiate Conference","II",200253
"University of North Dakota","Big Sky Conference","I-FCS",200280
"Ashland University","Great Lakes Intercollegiate Athletic Conference","II",201104
"Baldwin Wallace University","Ohio Athletic Conference","III",201195
"Bluffton University","Heartland Collegiate Athletic Conference","III",201371
"Capital University","Ohio Athletic Conference","III",201548
"Case Western Reserve University","University Athletic Association","III",201645
"Cedarville University","Great Midwest Athletic Conference","II",201654
"Central State University","Southern Intercol. Ath. Conf.","II",201690
"Cleveland State University","Horizon League","I",202134
"University of Dayton","Atlantic 10 Conference","I-FCS",202480
"Defiance College","Heartland Collegiate Athletic Conference","III",202514
"Denison University","North Coast Athletic Conference","III",202523
"Heidelberg University","Ohio Athletic Conference","III",203085
"Hiram College","North Coast Athletic Conference","III",203128
"John Carroll University","Ohio Athletic Conference","III",203368
"Kenyon College","North Coast Athletic Conference","III",203535
"Lake Erie College","Great Lakes Intercollegiate Athletic Conference","II",203580
"Malone University","Great Midwest Athletic Conference","II",203775
"Marietta College","Ohio Athletic Conference","III",203845
"University of Mount Union","Ohio Athletic Conference","III",204185
"Muskingum University","Ohio Athletic Conference","III",204264
"Oberlin College","North Coast Athletic Conference","III",204501
"Ohio Dominican University","Great Lakes Intercollegiate Athletic Conference","II",204617
"Ohio Northern University","Ohio Athletic Conference","III",204635
"Ohio Wesleyan University","North Coast Athletic Conference","III",204909
"Otterbein University","Ohio Athletic Conference","III",204936
"Franciscan University of Steubenville","Allegheny Mountain Collegiate Conference","III",205957
"Tiffin University","Great Lakes Intercollegiate Athletic Conference","II",206048
"University of Toledo","Mid-American Conference","I-FBS",206084
"Urbana University","Mountain East Conference","II",206330
"Ursuline College","Great Midwest Athletic Conference","II",206349
"Walsh University","Great Lakes Intercollegiate Athletic Conference","II",206437
"Wittenberg University","North Coast Athletic Conference","III",206525
"The College of Wooster","North Coast Athletic Conference","III",206589
"Xavier University","Big East Conference","I",206622
"Youngstown State University","Horizon League","I-FCS",206695
"Southern Nazarene University","Great American Conference","II",206862
"Cameron University","Lone Star Conference","II",206914
"University of Central Oklahoma","Mid-America Intercollegiate Athletics Association","II",206941
"East Central University","Great American Conference","II",207041
"Northeastern State University","Mid-America Intercollegiate Athletics Association","II",207263
"Northwestern Oklahoma State University","Great American Conference","II",207306
"Oklahoma Christian University","Heartland Conference","II",207324
"Oklahoma Panhandle State University","Heartland Conference","II",207351
"Oklahoma Baptist University","Great American Conference","II",207403
"Oral Roberts University","The Summit League","I",207582
"Rogers State University","Heartland Conference","II",207661
"Southeastern Oklahoma State University","Great American Conference","II",207847
"Southwestern Oklahoma State University","Great American Conference","II",207865
"George Fox University","Northwest Conference","III",208822
"Lewis & Clark College","Northwest Conference","III",209056
"Oregon State University","Pac-12 Conference","I-FBS",209542
"University of Oregon","Pac-12 Conference","I-FBS",209551
"Portland State University","Big Sky Conference","I-FCS",209807
"University of Portland","West Coast Conference","I",209825
"Willamette University","Northwest Conference","III",210401
"Western Oregon University","Great Northwest Athletic Conference","II",210429
"Albright College","Middle Atlantic Conferences","III",210571
"Allegheny College","North Coast Athletic Conference","III",210669
"DeSales University","Middle Atlantic Conferences","III",210739
"Alvernia University","Middle Atlantic Conferences","III",210775
"Arcadia University","Middle Atlantic Conferences","III",211088
"Bloomsburg University of Pennsylvania","Pennsylvania State Athletic Conference","II",211158
"Bryn Mawr College","Centennial Conference","III",211273
"Bucknell University","Patriot League","I-FCS",211291
"Cabrini University","Colonial States Athletic Conference","III",211352
"California University of Pennsylvania","Pennsylvania State Athletic Conference","II",211361
"Carnegie Mellon University","University Athletic Association","III",211440
"Cedar Crest College","Colonial States Athletic Conference","III",211468
"Chatham University","Presidents' Athletic Conference","III",211556
"Chestnut Hill College","Central Atlantic Collegiate Conference","II",211583
"Cheyney University of Pennsylvania","Pennsylvania State Athletic Conference","II",211608
"Clarion University of Pennsylvania","Pennsylvania State Athletic Conference","II",211644
"Delaware Valley University","Middle Atlantic Conferences","III",211981
"Dickinson College","Centennial Conference","III",212009
"Drexel University","Colonial Athletic Association","I",212054
"Duquesne University","Atlantic 10 Conference","I-FCS",212106
"East Stroudsburg University of Pennsylvania","Pennsylvania State Athletic Conference","II",212115
"Eastern University","Middle Atlantic Conferences","III",212133
"Edinboro University of Pennsylvania","Pennsylvania State Athletic Conference","II",212160
"Elizabethtown College","Landmark Conference","III",212197
"Gannon University","Pennsylvania State Athletic Conference","II",212601
"Geneva College","Presidents' Athletic Conference","III",212656
"Gettysburg College","Centennial Conference","III",212674
"Grove City College","Presidents' Athletic Conference","III",212805
"Gwynedd Mercy University","Colonial States Athletic Conference","III",212832
"Haverford College","Centennial Conference","III",212911
"Holy Family University","Central Atlantic Collegiate Conference","II",212984
"Immaculata University","Colonial States Athletic Conference","III",213011
"Juniata College","Landmark Conference","III",213251
"Keystone College","Colonial States Athletic Conference","III",213303
"Kutztown University of Pennsylvania","Pennsylvania State Athletic Conference","II",213349
"La Roche College","Allegheny Mountain Collegiate Conference","III",213358
"La Salle University","Atlantic 10 Conference","I",213367
"Lafayette College","Patriot League","I-FCS",213385
"Lancaster Bible College","North Eastern Athletic Conference","III",213400
"Lebanon Valley College","Middle Atlantic Conferences","III",213507
"Lehigh University","Patriot League","I-FCS",213543
"Lycoming College","Middle Atlantic Conferences","III",213668
"Mansfield University of Pennsylvania","Pennsylvania State Athletic Conference","II",213783
"Marywood University","Colonial States Athletic Conference","III",213826
"Mercyhurst University","Pennsylvania State Athletic Conference","II",213987
"Messiah College","Middle Atlantic Conferences","III",213996
"Millersville University of Pennsylvania","Pennsylvania State Athletic Conference","II",214041
"Misericordia University","Middle Atlantic Conferences","III",214069
"Moravian College","Landmark Conference","III",214157
"Mount Aloysius College","Allegheny Mountain Collegiate Conference","III",214166
"Muhlenberg College","Centennial Conference","III",214175
"Neumann University","Colonial States Athletic Conference","III",214272
"University of Pennsylvania","The Ivy League","I-FCS",215062
"Philadelphia University","Central Atlantic Collegiate Conference","II",215099
"University of the Sciences","Central Atlantic Collegiate Conference","II",215132
"Robert Morris University","Northeast Conference","I-FCS",215655
"Rosemont College","Colonial States Athletic Conference","III",215691
"Saint Joseph's University","Atlantic 10 Conference","I",215770
"Saint Vincent College","Presidents' Athletic Conference","III",215798
"University of Scranton","Landmark Conference","III",215929
"Seton Hill University","Pennsylvania State Athletic Conference","II",215947
"Shippensburg University of Pennsylvania","Pennsylvania State Athletic Conference","II",216010
"Slippery Rock University of Pennsylvania","Pennsylvania State Athletic Conference","II",216038
"Susquehanna University","Landmark Conference","III",216278
"Swarthmore College","Centennial Conference","III",216287
"Temple University","American Athletic Conference","I-FBS",216339
"Thiel College","Presidents' Athletic Conference","III",216357
"Ursinus College","Centennial Conference","III",216524
"University of Valley Forge","Independent","III",216542
"Villanova University","Big East Conference","I-FCS",216597
"Waynesburg University","Presidents' Athletic Conference","III",216694
"West Chester University of Pennsylvania","Pennsylvania State Athletic Conference","II",216764
"Wilkes University","Middle Atlantic Conferences","III",216931
"Wilson College","North Eastern Athletic Conference","III",217013
"Brown University","The Ivy League","I-FCS",217156
"Bryant University","Northeast Conference","I-FCS",217165
"Providence College","Big East Conference","I",217402
"Rhode Island College","Little East Conference","III",217420
"University of Rhode Island","Atlantic 10 Conference","I-FCS",217484
"Roger Williams University","Commonwealth Coast Conference","III",217518
"Salve Regina University","Commonwealth Coast Conference","III",217536
"Charleston Southern University","Big South Conference","I-FCS",217688
"Benedict College","Southern Intercol. Ath. Conf.","II",217721
"Southern Wesleyan University","Conference Carolinas","II",217776
"Claflin University","Southern Intercol. Ath. Conf.","II",217873
"Clemson University","Atlantic Coast Conference","I-FBS",217882
"Coker College","South Atlantic Conference","II",217907
"Converse College","Conference Carolinas","II",217961
"Erskine College","Conference Carolinas","II",217998
"Francis Marion University","Peach Belt Conference","II",218061
"Furman University","Southern Conference","I-FCS",218070
"Lander University","Peach Belt Conference","II",218229
"Limestone College","Conference Carolinas","II",218238
"Newberry College","South Atlantic Conference","II",218414
"North Greenville University","Conference Carolinas","II",218441
"Presbyterian College","Big South Conference","I-FCS",218539
"Coastal Carolina University","Sun Belt Conference","I-FCS",218724
"South Carolina State University","Mid-Eastern Athletic Conf.","I-FCS",218733
"Winthrop University","Big South Conference","I",218964
"Wofford College","Southern Conference","I-FCS",218973
"Black Hills State University","Rocky Mountain Athletic Conference","II",219046
"Northern State University","Northern Sun Intercollegiate Conference","II",219259
"South Dakota State University","The Summit League","I-FCS",219356
"University of Sioux Falls","Northern Sun Intercollegiate Conference","II",219383
"University of South Dakota","The Summit League","I-FCS",219471
"Austin Peay State University","Ohio Valley Conference","I-FCS",219602
"Belmont University","Ohio Valley Conference","I",219709
"Carson-Newman University","South Atlantic Conference","II",219806
"Christian Brothers University","Gulf South Conference","II",219833
"Lipscomb University","ASUN Conference","I",219976
"East Tennessee State University","Southern Conference","I-FCS",220075
"King University","Conference Carolinas","II",220516
"Lane College","Southern Intercol. Ath. Conf.","II",220598
"Lee University","Gulf South Conference","II",220613
"Lincoln Memorial University","South Atlantic Conference","II",220631
"University of Memphis","American Athletic Conference","I-FBS",220862
"Middle Tennessee State University","Conference USA","I-FBS",220978
"Rhodes College","Southern Athletic Association","III",221351
"Tennessee State University","Ohio Valley Conference","I-FCS",221838
"Tennessee Technological University","Ohio Valley Conference","I-FCS",221847
"Trevecca Nazarene University","Great Midwest Athletic Conference","II",221892
"Tusculum College","South Atlantic Conference","II",221953
"Union University","Gulf South Conference","II",221971
"Vanderbilt University","Southeastern Conference","I-FBS",221999
"Abilene Christian University","Southland Conference","II",222178
"Angelo State University","Lone Star Conference","II",222831
"Austin College","Southern Collegiate Athletic Conference","III",222983
"Baylor University","Big 12 Conference","I-FBS",223232
"Dallas Baptist University","Heartland Conference","II",224226
"University of Dallas","Southern Collegiate Athletic Conference","III",224323
"East Texas Baptist University","American Southwest Conference","III",224527
"Hardin-Simmons University","American Southwest Conference","III",225247
"Houston Baptist University","Southland Conference","I-FCS",225399
"University of Houston","American Athletic Conference","I-FBS",225511
"Howard Payne University","American Southwest Conference","III",225548
"University of the Incarnate Word","Southland Conference","II",225627
"Lamar University","Southland Conference","I-FCS",226091
"LeTourneau University","American Southwest Conference","III",226231
"Lubbock Christian University","Heartland Conference","II",226383
"University of Mary Hardin-Baylor","American Southwest Conference","III",226471
"McMurry University","American Southwest Conference","III",226587
"Midwestern State University","Lone Star Conference","II",226833
"University of North Texas","Conference USA","I-FBS",227216
"The University of Texas Rio Grande Valley","Western Athletic Conference","I",227368
"Rice University","Conference USA","I-FBS",227757
"Sam Houston State University","Southland Conference","I-FCS",227881
"Schreiner University","Southern Collegiate Athletic Conference","III",228042
"Southern Methodist University","American Athletic Conference","I-FBS",228246
"Texas State University","Sun Belt Conference","I-FBS",228459
"Sul Ross State University","American Southwest Conference","III",228501
"Tarleton State University","Lone Star Conference","II",228529
"The University of Texas at Tyler","American Southwest Conference","III",228802
"Texas Christian University","Big 12 Conference","I-FBS",228875
"Texas Lutheran University","Southern Collegiate Athletic Conference","III",228981
"Texas Southern University","Southwestern Athletic Conf.","I-FCS",229063
"Texas Tech University","Big 12 Conference","I-FBS",229115
"Texas Woman's University","Lone Star Conference","II",229179
"Dixie State University","Pacific West Conference","II",230171
"Southern Utah University","Big Sky Conference","I-FCS",230603
"Utah State University","Mountain West Conference","I-FBS",230728
"Utah Valley University","Western Athletic Conference","I",230737
"University of Utah","Pac-12 Conference","I-FBS",230764
"Weber State University","Big Sky Conference","I-FCS",230782
"Castleton University","North Atlantic Conference","III",230834
"Green Mountain College","North Atlantic Conference","III",230898
"Johnson State College","North Atlantic Conference","III",230913
"Lyndon State College","North Atlantic Conference","III",230931
"Middlebury College","New England Small College Athletic Conference","III",230959
"Norwich University","Great Northeast Athletic Conference","III",230995
"Saint Michael's College","Northeast-10 Conference","II",231059
"Southern Vermont College","New England Collegiate Conference","III",231086
"University of Vermont","America East Conference","I",231174
"Averett University","USA South Athletic Conference","III",231420
"College of William and Mary","Colonial Athletic Association","I-FCS",231624
"Christopher Newport University","Capital Athletic Conference Inc.","III",231712
"Eastern Mennonite University","Old Dominion Athletic Conf.","III",232043
"Ferrum College","USA South Athletic Conference","III",232089
"George Mason University","Atlantic 10 Conference","I",232186
"Hampden-Sydney College","Old Dominion Athletic Conf.","III",232256
"Hampton University","Mid-Eastern Athletic Conf.","I-FCS",232265
"Hollins University","Old Dominion Athletic Conf.","III",232308
"James Madison University","Colonial Athletic Association","I-FCS",232423
"Liberty University","Big South Conference","I-FCS",232557
"Longwood University","Big South Conference","I",232566
"Lynchburg College","Old Dominion Athletic Conf.","III",232609
"University of Mary Washington","Capital Athletic Conference Inc.","III",232681
"Norfolk State University","Mid-Eastern Athletic Conf.","I-FCS",232937
"Old Dominion University","Conference USA","I-FBS",232982
"Radford University","Big South Conference","I",233277
"Randolph-Macon College","Old Dominion Athletic Conf.","III",233295
"Randolph College","Old Dominion Athletic Conf.","III",233301
"University of Richmond","Atlantic 10 Conference","I-FCS",233374
"Roanoke College","Old Dominion Athletic Conf.","III",233426
"Shenandoah University","Old Dominion Athletic Conf.","III",233541
"Southern Virginia University","Capital Athletic Conference Inc.","III",233611
"Sweet Briar College","Old Dominion Athletic Conf.","III",233718
"The University of Virginia's College at Wise","Mountain East Conference","II",233897
"Virginia Polytechnic Institute and State University","Atlantic Coast Conference","I-FBS",233921
"Virginia Commonwealth University","Atlantic 10 Conference","I",234030
"Virginia Military Institute","Southern Conference","I-FCS",234085
"Virginia State University","Central Intercollegiate Athletic Association","II",234155
"Virginia Union University","Central Intercollegiate Athletic Association","II",234164
"Virginia Wesleyan College","Old Dominion Athletic Conf.","III",234173
"Washington and Lee University","Old Dominion Athletic Conf.","III",234207
"Central Washington University","Great Northwest Athletic Conference","II",234827
"Eastern Washington University","Big Sky Conference","I-FCS",235097
"Gonzaga University","West Coast Conference","I",235316
"Pacific Lutheran University","Northwest Conference","III",236230
"University of Puget Sound","Northwest Conference","III",236328
"Saint Martin's University","Great Northwest Athletic Conference","II",236452
"Seattle Pacific University","Great Northwest Athletic Conference","II",236577
"Seattle University","Western Athletic Conference","I",236595
"Washington State University","Pac-12 Conference","I-FBS",236939
"Western Washington University","Great Northwest Athletic Conference","II",237011
"Whitman College","Northwest Conference","III",237057
"Whitworth University","Northwest Conference","III",237066
"Alderson Broaddus University","Great Midwest Athletic Conference","II",237118
"Bluefield State College","Independent","II",237215
"Concord University","Mountain East Conference","II",237330
"Davis & Elkins College","Great Midwest Athletic Conference","II",237358
"Fairmont State University","Mountain East Conference","II",237367
"Glenville State College","Mountain East Conference","II",237385
"Marshall University","Conference USA","I-FBS",237525
"Ohio Valley University","Great Midwest Athletic Conference","II",237640
"Salem International University","Independent","II",237783
"Shepherd University","Mountain East Conference","II",237792
"West Virginia State University","Mountain East Conference","II",237899
"West Liberty University","Mountain East Conference","II",237932
"West Virginia Wesleyan College","Mountain East Conference","II",237969
"West Virginia University","Big 12 Conference","I-FBS",238032
"Wheeling Jesuit University","Mountain East Conference","II",238078
"Alverno College","Northern Athletics Collegiate Conference","III",238193
"Beloit College","Midwest Conference","III",238333
"Carthage College","College Conference of Illinois & Wisconsin","III",238476
"Edgewood College","Northern Athletics Collegiate Conference","III",238661
"Lawrence University","Midwest Conference","III",239017
"Maranatha Baptist University","Independent","III",239071
"Marquette University","Big East Conference","I",239105
"Milwaukee School of Engineering","Northern Athletics Collegiate Conference","III",239318
"Mount Mary University","Independent","III",239390
"Northland College","Upper Midwest Athletic Conference","III",239512
"Ripon College","Midwest Conference","III",239628
"University of Wisconsin-Whitewater","Wisconsin Intercollegiate Athletic Conference","III",240189
"University of Wisconsin-Eau Claire","Wisconsin Intercollegiate Athletic Conference","III",240268
"University of Wisconsin-Green Bay","Horizon League","I",240277
"University of Wisconsin-La Crosse","Wisconsin Intercollegiate Athletic Conference","III",240329
"Wisconsin Lutheran College","Northern Athletics Collegiate Conference","III",240338
"University of Wisconsin-Oshkosh","Wisconsin Intercollegiate Athletic Conference","III",240365
"University of Wisconsin-Parkside","Great Lakes Valley Conference","II",240374
"University of Wisconsin-Stout","Wisconsin Intercollegiate Athletic Conference","III",240417
"University of Wisconsin-Superior","Upper Midwest Athletic Conference","III",240426
"University of Wisconsin-Madison","Big Ten Conference","I-FBS",240444
"University of Wisconsin-Milwaukee","Horizon League","I",240453
"University of Wisconsin-Platteville","Wisconsin Intercollegiate Athletic Conference","III",240462
"University of Wisconsin-River Falls","Wisconsin Intercollegiate Athletic Conference","III",240471
"University of Wisconsin-Stevens Point","Wisconsin Intercollegiate Athletic Conference","III",240480
"University of Wyoming","Mountain West Conference","I-FBS",240727
"Stanford University","Pac-12 Conference","I-FBS",243744
"Pennsylvania College of Technology","North Eastern Athletic Conference","III",366252
"Florida Gulf Coast University","ASUN Conference","I",433660
"Augusta University","Peach Belt Conference","II",482149
"University of North Georgia","Peach Belt Conference","II",482680
"Kennesaw State University","ASUN Conference","I-FCS",486840
"Husson University","North Atlantic Conference","III",487524
"Shepherd University","Mountain East Conference","II",487667
"Alabama A&M University","Southwestern Athletic Conf.","I-FCS",NA
"Albany State University (Georgia)","Southern Intercol. Ath. Conf.","II",NA
"Alfred State College","Eastern College Athletic Conference","III",NA
"Anderson University (Indiana)","Heartland Collegiate Athletic Conference","III",NA
"Anderson University (South Carolina)","South Atlantic Conference","II",NA
"Arizona State University","Pac-12 Conference","I-FBS",NA
"Arkansas State University","Sun Belt Conference","I-FBS",NA
"Augustana College (Illinois)","College Conference of Illinois & Wisconsin","III",NA
"Augustana University (South Dakota)","Northern Sun Intercollegiate Conference","II",NA
"Baruch College","City University of New York Athletic Conference","III",NA
"Benedictine University (Illinois)","Northern Athletics Collegiate Conference","III",NA
"Bethany College (West Virginia)","Presidents' Athletic Conference","III",NA
"Bethel University (Minnesota)","Minnesota Intercollegiate Athletic Conference","III",NA
"Binghamton University","America East Conference","I",NA
"Birmingham-Southern College","Southern Athletic Association","III",NA
"Bowling Green State University","Mid-American Conference","I-FBS",NA
"Bridgewater College (Virginia)","Old Dominion Athletic Conf.","III",NA
"Brigham Young University","West Coast Conference","I-FBS",NA
"Brigham Young University, Hawaii","Pacific West Conference","II",NA
"Brooklyn College","City University of New York Athletic Conference","III",NA
"Bryn Athyn College","North Eastern Athletic Conference","III",NA
"Buffalo State, State University of New York","State University of New York Athletic Conference","III",NA
"Cairn University","Colonial States Athletic Conference","III",NA
"California Polytechnic State University","Big West Conference","I-FCS",NA
"California State Polytechnic University, Pomona","California Collegiate Athletic Association","II",NA
"California State University,  Monterey Bay","California Collegiate Athletic Association","II",NA
"California State University, Bakersfield","Western Athletic Conference","I",NA
"California State University, Chico","California Collegiate Athletic Association","II",NA
"California State University, Dominguez Hills","California Collegiate Athletic Association","II",NA
"California State University, East Bay","California Collegiate Athletic Association","II",NA
"California State University, Fresno","Mountain West Conference","I-FBS",NA
"California State University, Fullerton","Big West Conference","I",NA
"California State University, Los Angeles","California Collegiate Athletic Association","II",NA
"California State University, Northridge","Big West Conference","I",NA
"California State University, Sacramento","Big Sky Conference","I-FCS",NA
"California State University, San Bernardino","California Collegiate Athletic Association","II",NA
"California State University, San Marcos","California Collegiate Athletic Association","II",NA
"California State University, Stanislaus","California Collegiate Athletic Association","II",NA
"Carroll University (Wisconsin)","College Conference of Illinois & Wisconsin","III",NA
"Catholic University","Landmark Conference","III",NA
"Centenary College (Louisiana)","Southern Collegiate Athletic Conference","III",NA
"Centenary University (New Jersey)","Colonial States Athletic Conference","III",NA
"Central College (Iowa)","Iowa Intercol. Athletic Conf.","III",NA
"Chaminade University","Pacific West Conference","II",NA
"Claremont McKenna-Harvey Mudd-Scripps Colleges","Southern California Intercollegiate Athletic Conf.","III",NA
"Clark University (Massachusetts)","New England Women's and Men's Athletic Conference","III",NA
"Clarks Summit University","Colonial States Athletic Conference","III",NA
"Clayton State University","Peach Belt Conference","II",NA
"College at Brockport, State University of New York","State University of New York Athletic Conference","III",NA
"College of Charleston (South Carolina)","Colonial Athletic Association","I",NA
"College of Mount St. Vincent","Skyline Conference","III",NA
"College of New Rochelle","Independent","III",NA
"College of Staten Island","City University of New York Athletic Conference","III",NA
"Colorado State University","Mountain West Conference","I-FBS",NA
"Columbia University-Barnard College","The Ivy League","I-FCS",NA
"Concordia College (New York)","Central Atlantic Collegiate Conference","II",NA
"Concordia College, Moorhead","Minnesota Intercollegiate Athletic Conference","III",NA
"Concordia University Chicago","Northern Athletics Collegiate Conference","III",NA
"Concordia University Irvine","Pacific West Conference","II",NA
"Concordia University Portland","Great Northwest Athletic Conference","II",NA
"Concordia University Texas","American Southwest Conference","III",NA
"Concordia University Wisconsin","Northern Athletics Collegiate Conference","III",NA
"Concordia University, St. Paul","Northern Sun Intercollegiate Conference","II",NA
"Crown College (Minnesota)","Upper Midwest Athletic Conference","III",NA
"Dominican College (New York)","Central Atlantic Collegiate Conference","II",NA
"Dominican University (Illinois)","Northern Athletics Collegiate Conference","III",NA
"Eastern New Mexico University","Lone Star Conference","II",NA
"Elms College","New England Collegiate Conference","III",NA
"Embry-Riddle Aeronautical University (Florida)","Sunshine State Conference","II",NA
"Emmanuel College (Georgia)","Conference Carolinas","II",NA
"Emmanuel College (Massachusetts)","Great Northeast Athletic Conference","III",NA
"Emory and Henry College","Old Dominion Athletic Conf.","III",NA
"Fairleigh Dickinson University, Florham","Middle Atlantic Conferences","III",NA
"Fairleigh Dickinson University, Metropolitan Campus","Northeast Conference","I",NA
"Flagler College","Peach Belt Conference","II",NA
"Florida A&M University","Mid-Eastern Athletic Conf.","I-FCS",NA
"Franklin & Marshall College","Centennial Conference","III",NA
"Georgia College","Peach Belt Conference","II",NA
"Georgia Institute of Technology","Atlantic Coast Conference","I-FBS",NA
"Hobart and William Smith Colleges","Liberty League","III",NA
"Hunter College","City University of New York Athletic Conference","III",NA
"Indiana University-Purdue University Indianapolis","The Summit League","I",NA
"Indiana University-Purdue University, Fort Wayne","The Summit League","I",NA
"Indiana University of Pennsylvania","Pennsylvania State Athletic Conference","II",NA
"Indiana University, Bloomington","Big Ten Conference","I-FBS",NA
"John Jay College of Criminal Justice","City University of New York Athletic Conference","III",NA
"Johnson & Wales University (RI)","Great Northeast Athletic Conference","III",NA
"Johnson C. Smith University","Central Intercollegiate Athletic Association","II",NA
"Kent State University","Mid-American Conference","I-FBS",NA
"King's College (Pennsylvania)","Middle Atlantic Conferences","III",NA
"Lakeland University","Northern Athletics Collegiate Conference","III",NA
"Lehman College","City University of New York Athletic Conference","III",NA
"LeMoyne-Owen College","Southern Intercol. Ath. Conf.","II",NA
"Lincoln University (Missouri)","Mid-America Intercollegiate Athletics Association","II",NA
"Linfield College","Northwest Conference","III",NA
"Lock Haven University of Pennsylvania","Pennsylvania State Athletic Conference","II",NA
"Long Beach State University","Big West Conference","I",NA
"Long Island University-Brooklyn Campus","Northeast Conference","I",NA
"Long Island University/LIU Post","East Coast Conference","II",NA
"Louisiana State University","Southeastern Conference","I-FBS",NA
"Marian University (Wisconsin)","Northern Athletics Collegiate Conference","III",NA
"Mary Baldwin University","USA South Athletic Conference","III",NA
"Marymount University (Virginia)","Capital Athletic Conference Inc.","III",NA
"Maryville College (Tennessee)","USA South Athletic Conference","III",NA
"Medgar Evers College","City University of New York Athletic Conference","III",NA
"Miami University (Ohio)","Mid-American Conference","I-FBS",NA
"Minnesota State University, Mankato","Northern Sun Intercollegiate Conference","II",NA
"Missouri State University","Missouri Valley Conference","I-FCS",NA
"Monmouth College (Illinois)","Midwest Conference","III",NA
"Montana State University-Bozeman","Big Sky Conference","I-FCS",NA
"Montana State University Billings","Great Northwest Athletic Conference","II",NA
"Mount Saint Mary College (New York)","Skyline Conference","III",NA
"Mount St. Joseph University","Heartland Collegiate Athletic Conference","III",NA
"Mount St. Mary's University","Northeast Conference","I",NA
"New Mexico State University","Western Athletic Conference","I-FBS",NA
"North Carolina A&T State University","Mid-Eastern Athletic Conf.","I-FCS",NA
"North Carolina State University","Atlantic Coast Conference","I-FBS",NA
"North Dakota State University","The Summit League","I-FCS",NA
"Northwestern State University","Southland Conference","I-FCS",NA
"Northwood University","Great Lakes Intercollegiate Athletic Conference","II",NA
"Notre Dame College (Ohio)","Mountain East Conference","II",NA
"Ohio University","Mid-American Conference","I-FBS",NA
"Oklahoma State University","Big 12 Conference","I-FBS",NA
"Pace University","Northeast-10 Conference","II",NA
"Pacific University (Oregon)","Northwest Conference","III",NA
"Penn State Berks College","North Eastern Athletic Conference","III",NA
"Penn State Harrisburg","Capital Athletic Conference Inc.","III",NA
"Penn State University, Abington","North Eastern Athletic Conference","III",NA
"Penn State University, Altoona","Allegheny Mountain Collegiate Conference","III",NA
"Pennsylvania State Univ. Erie, the Behrend College","Allegheny Mountain Collegiate Conference","III",NA
"Pennsylvania State University","Big Ten Conference","I-FBS",NA
"Plattsburgh State University of New York","State University of New York Athletic Conference","III",NA
"Pomona-Pitzer Colleges","Southern California Intercollegiate Athletic Conf.","III",NA
"Prairie View A&M University","Southwestern Athletic Conf.","I-FCS",NA
"Purchase College, State University of New York","Skyline Conference","III",NA
"Purdue University","Big Ten Conference","I-FBS",NA
"Purdue University Northwest","Great Lakes Intercollegiate Athletic Conference","II",NA
"Queens College (New York)","East Coast Conference","II",NA
"Ramapo College","New Jersey Athletic Conference","III",NA
"Regis College (Massachusetts)","New England Collegiate Conference","III",NA
"Regis University (Colorado)","Rocky Mountain Athletic Conference","II",NA
"Rutgers, The State Univ. of New Jersey, Camden","New Jersey Athletic Conference","III",NA
"Rutgers, The State Univ. of New Jersey, Newark","New Jersey Athletic Conference","III",NA
"Rutgers, The State University of New Jersey, New Brunswick","Big Ten Conference","I-FBS",NA
"Saint Francis University (Pennsylvania)","Northeast Conference","I-FCS",NA
"Saint Joseph's College (Indiana)","Great Lakes Valley Conference","II",NA
"Saint Joseph's College (Maine)","Great Northeast Athletic Conference","III",NA
"Saint Mary's College (Indiana)","Michigan Intercol. Ath. Assn.","III",NA
"Simon Fraser University","Great Northwest Athletic Conference","II",NA
"South Dakota School of Mines & Technology","Rocky Mountain Athletic Conference","II",NA
"Southern Arkansas University","Great American Conference","II",NA
"Southern Illinois University at Carbondale","Missouri Valley Conference","I-FCS",NA
"Southern Illinois University Edwardsville","Ohio Valley Conference","I",NA
"Southern University, Baton Rouge","Southwestern Athletic Conf.","I-FCS",NA
"Southwestern University (Texas)","Southern Collegiate Athletic Conference","III",NA
"St. Bonaventure University","Atlantic 10 Conference","I",NA
"St. Catherine University","Minnesota Intercollegiate Athletic Conference","III",NA
"St. Cloud State University","Northern Sun Intercollegiate Conference","II",NA
"St. Edward's University","Heartland Conference","II",NA
"St. Francis College Brooklyn","Northeast Conference","I",NA
"St. John's University (Minnesota)","Minnesota Intercollegiate Athletic Conference","III",NA
"St. John's University (New York)","Big East Conference","I",NA
"St. John Fisher College","Empire 8","III",NA
"St. Joseph's College (Brooklyn)","Skyline Conference","III",NA
"St. Joseph's College (Long Island)","Skyline Conference","III",NA
"St. Lawrence University","Liberty League","III",NA
"St. Mary's College of Maryland","Capital Athletic Conference Inc.","III",NA
"St. Mary's University (Texas)","Heartland Conference","II",NA
"St. Norbert College","Midwest Conference","III",NA
"St. Olaf College","Minnesota Intercollegiate Athletic Conference","III",NA
"State University College at Old Westbury","Skyline Conference","III",NA
"State University of New York at Canton","Independent","III",NA
"State University of New York at Cobleskill","North Eastern Athletic Conference","III",NA
"State University of New York at Cortland","State University of New York Athletic Conference","III",NA
"State University of New York at Geneseo","State University of New York Athletic Conference","III",NA
"State University of New York at Oneonta","State University of New York Athletic Conference","III",NA
"State University of New York at Oswego","State University of New York Athletic Conference","III",NA
"State University of New York at Potsdam","State University of New York Athletic Conference","III",NA
"State University of New York Maritime College","Skyline Conference","III",NA
"State University of New York Polytechnic Institute","North Eastern Athletic Conference","III",NA
"Stephen F. Austin State University","Southland Conference","I-FCS",NA
"Texas A&M International University","Heartland Conference","II",NA
"Texas A&M University-Commerce","Lone Star Conference","II",NA
"Texas A&M University-Corpus Christi","Southland Conference","I",NA
"Texas A&M University-Kingsville","Lone Star Conference","II",NA
"Texas A&M University, College Station","Southeastern Conference","I-FBS",NA
"The Citadel","Southern Conference","I-FCS",NA
"The City College of New York","City University of New York Athletic Conference","III",NA
"The College of St. Scholastica","Upper Midwest Athletic Conference","III",NA
"The Lincoln University (Pennsylvania)","Central Intercollegiate Athletic Association","II",NA
"The Ohio State University","Big Ten Conference","I-FBS",NA
"The State University of New York at Fredonia","State University of New York Athletic Conference","III",NA
"The University of North Carolina at Charlotte","Conference USA","I-FBS",NA
"The University of North Carolina at Greensboro","Southern Conference","I",NA
"The University of Southern Mississippi","Conference USA","I-FBS",NA
"The University of Tulsa","American Athletic Conference","I-FBS",NA
"Trinity College (Connecticut)","New England Small College Athletic Conference","III",NA
"Trinity University (Texas)","Southern Collegiate Athletic Conference","III",NA
"Tulane University","American Athletic Conference","I-FBS",NA
"U.S. Air Force Academy","Mountain West Conference","I-FBS",NA
"U.S. Coast Guard Academy","New England Women's and Men's Athletic Conference","III",NA
"U.S. Merchant Marine Academy","Skyline Conference","III",NA
"U.S. Military Academy","Patriot League","I-FBS",NA
"U.S. Naval Academy","Patriot League","I-FBS",NA
"Union College (New York)","Liberty League","III",NA
"University at Albany","America East Conference","I-FCS",NA
"University at Buffalo, the State University of New York","Mid-American Conference","I-FBS",NA
"University of Akron","Mid-American Conference","I-FBS",NA
"University of Alabama","Southeastern Conference","I-FBS",NA
"University of Arkansas, Fayetteville","Southeastern Conference","I-FBS",NA
"University of Arkansas, Fort Smith","Heartland Conference","II",NA
"University of Arkansas, Monticello","Great American Conference","II",NA
"University of Arkansas, Pine Bluff","Southwestern Athletic Conf.","I-FCS",NA
"University of California, Berkeley","Pac-12 Conference","I-FBS",NA
"University of California, Davis","Big West Conference","I-FCS",NA
"University of California, Irvine","Big West Conference","I",NA
"University of California, Los Angeles","Pac-12 Conference","I-FBS",NA
"University of California, Riverside","Big West Conference","I",NA
"University of California, San Diego","California Collegiate Athletic Association","II",NA
"University of California, Santa Barbara","Big West Conference","I",NA
"University of California, Santa Cruz","Independent","III",NA
"University of Charleston (West Virginia)","Mountain East Conference","II",NA
"University of Cincinnati","American Athletic Conference","I-FBS",NA
"University of Colorado, Boulder","Pac-12 Conference","I-FBS",NA
"University of Colorado, Colorado Springs","Rocky Mountain Athletic Conference","II",NA
"University of Findlay","Great Lakes Intercollegiate Athletic Conference","II",NA
"University of Hawaii, Manoa","Big West Conference","I-FBS",NA
"University of Illinois Urbana-Champaign","Big Ten Conference","I-FBS",NA
"University of Maine, Farmington","North Atlantic Conference","III",NA
"University of Maine, Orono","America East Conference","I-FCS",NA
"University of Maryland, Baltimore County","America East Conference","I",NA
"University of Maryland, College Park","Big Ten Conference","I-FBS",NA
"University of Massachusetts Boston","Little East Conference","III",NA
"University of Massachusetts Lowell","America East Conference","II",NA
"University of Massachusetts, Amherst","Atlantic 10 Conference","I-FBS",NA
"University of Massachusetts, Dartmouth","Little East Conference","III",NA
"University of Miami (Florida)","Atlantic Coast Conference","I-FBS",NA
"University of Michigan","Big Ten Conference","I-FBS",NA
"University of Minnesota Duluth","Northern Sun Intercollegiate Conference","II",NA
"University of Minnesota, Crookston","Northern Sun Intercollegiate Conference","II",NA
"University of Minnesota, Morris","Upper Midwest Athletic Conference","III",NA
"University of Minnesota, Twin Cities","Big Ten Conference","I-FBS",NA
"University of Missouri-St. Louis","Great Lakes Valley Conference","II",NA
"University of Missouri, Columbia","Southeastern Conference","I-FBS",NA
"University of Montana","Big Sky Conference","I-FCS",NA
"University of Nebraska Omaha","The Summit League","I",NA
"University of Nebraska, Lincoln","Big Ten Conference","I-FBS",NA
"University of Nevada, Las Vegas","Mountain West Conference","I-FBS",NA
"University of Nevada, Reno","Mountain West Conference","I-FBS",NA
"University of New Hampshire","America East Conference","I-FCS",NA
"University of New Mexico","Mountain West Conference","I-FBS",NA
"University of North Carolina Asheville","Big South Conference","I",NA
"University of North Carolina, Chapel Hill","Atlantic Coast Conference","I-FBS",NA
"University of Northwestern-St. Paul","Upper Midwest Athletic Conference","III",NA
"University of Oklahoma","Big 12 Conference","I-FBS",NA
"University of Pittsburgh","Atlantic Coast Conference","I-FBS",NA
"University of Pittsburgh, Bradford","Allegheny Mountain Collegiate Conference","III",NA
"University of Pittsburgh, Greensburg","Allegheny Mountain Collegiate Conference","III",NA
"University of Pittsburgh, Johnstown","Pennsylvania State Athletic Conference","II",NA
"University of Puerto Rico, Bayamon","Independent","II",NA
"University of Puerto Rico, Mayaguez","Independent","II",NA
"University of Puerto Rico, Rio Piedras","Independent","II",NA
"University of South Carolina Aiken","Peach Belt Conference","II",NA
"University of South Carolina Upstate","ASUN Conference","I",NA
"University of South Carolina, Columbia","Southeastern Conference","I-FBS",NA
"University of South Florida","American Athletic Conference","I-FBS",NA
"University of St. Joseph (Connecticut)","Great Northeast Athletic Conference","III",NA
"University of St. Thomas (Minnesota)","Minnesota Intercollegiate Athletic Conference","III",NA
"University of Tampa","Sunshine State Conference","II",NA
"University of Tennessee at Chattanooga","Southern Conference","I-FCS",NA
"University of Tennessee at Martin","Ohio Valley Conference","I-FCS",NA
"University of Tennessee, Knoxville","Southeastern Conference","I-FBS",NA
"University of Texas at Arlington","Sun Belt Conference","I",NA
"University of Texas at Austin","Big 12 Conference","I-FBS",NA
"University of Texas at Dallas","American Southwest Conference","III",NA
"University of Texas at El Paso","Conference USA","I-FBS",NA
"University of Texas at San Antonio","Conference USA","I-FBS",NA
"University of Texas of the Permian Basin","Lone Star Conference","II",NA
"University of the Ozarks (Arkansas)","American Southwest Conference","III",NA
"University of the South","Southern Athletic Association","III",NA
"University of Virginia","Atlantic Coast Conference","I-FBS",NA
"University of Washington","Pac-12 Conference","I-FBS",NA
"University of West Florida","Gulf South Conference","II",NA
"Washburn University of Topeka","Mid-America Intercollegiate Athletics Association","II",NA
"Washington and Jefferson College","Presidents' Athletic Conference","III",NA
"Washington College (Maryland)","Centennial Conference","III",NA
"Washington University in St. Louis","University Athletic Association","III",NA
"Wayne State College (Nebraska)","Northern Sun Intercollegiate Conference","II",NA
"Wayne State University (Michigan)","Great Lakes Intercollegiate Athletic Conference","II",NA
"Wesleyan University (Connecticut)","New England Small College Athletic Conference","III",NA
"West Texas A&M University","Lone Star Conference","II",NA
"Westminster College (Missouri)","St. Louis Intercollegiate Athletic Conference","III",NA
"Westminster College (Pennsylvania)","Presidents' Athletic Conference","III",NA
"Westminster College (Utah)","Rocky Mountain Athletic Conference","II",NA
"Wheaton College (Illinois)","College Conference of Illinois & Wisconsin","III",NA
"Wheaton College (Massachusetts)","New England Women's and Men's Athletic Conference","III",NA
"Widener University","Middle Atlantic Conferences","III",NA
"Wilmington College (Ohio)","Ohio Athletic Conference","III",NA
"Wilmington University (Delaware)","Central Atlantic Collegiate Conference","II",NA
"Wright State University","Horizon League","I",NA
"York College (New York)","City University of New York Athletic Conference","III",NA
"York College (Pennsylvania)","Capital Athletic Conference Inc.","III",NA
